Unnamed: 0_level_0,pls_74_12012022,pls_71_a_12012022,pls_106_13012022,pls_104_13012022,pls_102_13012022,pls_100_13012022,pls_103_14012022,pls_101_REP_14012022,pls_75_13012022,DSS73_REP_190124,DSS76_REP_190124,DSS77_REP_190124,DSST0.7_180124
Label,DSS_T0,DSS_T0,DSS_T0,DSS_T0,DSS_T0,DSS_T0,DSS_T0,DSS_T0,DSS_T0,DSS_T0,DSS_T0,DSS_T0,DSS_T0
"(2S,3R)-3-[(4E,7E)-Nona-4,7-dienoyl]-N,N-bis(trimethylsilyl)oxirane-2-carboxamide ",-0.18207942,-0.14893893,1.00393503,-0.30983512,0.1998013,0.14234806,0.07300218,0.104982,-0.25516905,2.75717915,3.15359744,2.4371981,-0.30979674
(6S)-5-Methyltetrahydrofolic acid,-0.2271559,-0.2275681,-0.227439,,-0.2264751,0.7095405,-0.2271249,-0.2279208,-0.2274875,-0.2272267,0.1073074,-0.2267655,
"(7a-Isopropenyl-4,5-dimethyloctahydroinden-4-yl)methanol",-0.54817957,,,,,0.21719673,,,,,-0.29611196,,
"(9H-fluoren-9-yl)methanol, O-methoxycarbonyl-",-0.815687949,-0.988191585,-0.915198825,-1.144611935,-0.453718424,-0.711834909,-0.76046341,-1.150847774,-1.000600619,-0.779505405,-0.615331351,,
(CH3)2C=NC2H558,-1.17638125,-1.23936054,-1.07762146,-1.25151953,-0.57413314,-0.5879506,-0.90144056,-1.34950188,-1.08345885,-1.26495605,-1.32551877,,0.83791363
(pm)-alpha-Tocopherol acetate,-0.13469142,-0.08014017,-0.06273883,-0.12966564,-0.12341288,0.03163657,-0.11705081,-0.13448022,-0.02807031,-0.0887858,0.2578896,0.72275044,-0.19841675
(pm)-N-Propylamphetamine,-0.5558981,-0.5673602,-0.5637691,-0.463532,5.580252,5.017648,-0.5550353,-0.5771709,1.287632,1.737665,2.20566,-0.5450395,
(pm)-Norketamine,-0.5685084,,,-1.22259846,-0.87139552,-0.8072226,,,-0.68228107,-0.13583707,0.42359558,,
(pm)-Phenylpropanolamine,0.055241334,0.023079904,-0.525556639,-0.842531715,0.815121447,0.055242985,-0.187940449,-0.697761425,-1.068902601,-0.649980683,-1.067246869,-0.927441601,2.356948353
"(R*,S*)-2,3-Dihydroxybutanoic acid",-0.3970884,-0.5681375,-0.5681345,-0.43722,-0.1989683,2.262849,-0.1857858,-0.377988,,-0.5681295,,-0.5681187,-0.568008
"(S,S)-(-)-Hydrobenzoin",-0.505149576,,,0.386961646,-0.710475069,-0.712135604,-0.630946825,-0.623652266,,,,,
"1-(1-Hydroxybutyl)-2,5-dimethoxybenzene ",-0.047479343,-0.531072101,,-0.560154866,,,-0.52899882,-0.275781629,-0.558971927,-0.246606007,-0.226283911,,
"1-(2,4-Dimethoxyphenyl)-propan-2-one",-0.69382926,-0.56404768,-0.11663893,-1.0605,-0.25525083,0.03397732,0.05065678,-0.51082216,-0.82223696,-1.14542671,-1.14534591,-1.14187889,-1.10559994
1-(3-Methylphenyl)piperazine,-0.68891445,-0.66326261,-1.08550922,-0.04990396,-1.05802751,-1.06738345,-1.07655533,-1.09924871,-0.79021617,,,,
1-(4-Hydroxybenzylidene)acetone,-0.55601539,0.30197485,,-0.56080634,,,,,-0.55826575,,,,-0.33620711
"1-(4-Methoxyphenyl)-4,6-dimethyl-2(1H)-pyrimidinone",-0.24984213,-0.31152653,,,,,,,,,,0.73025568,-0.24961561
1-Aminocyclopropanecarboxylic acid,-0.25253008,-0.19063898,-0.33639807,-0.01121025,-0.344749,-0.27755519,-0.20292007,-0.37860439,-0.24453522,4.45824968,2.84802842,-0.39451898,0.37233369
"1-Butanamine, N,N-diethyl-",-0.907438004,-1.047947119,-0.879086061,-1.075839791,-0.439261509,-0.671775768,-0.754850478,-1.136651602,-1.018387541,-0.805531654,-0.803118118,-0.42427411,1.853816872
"1-Cyclohexanone, 3-butyl-3-methyl-",-0.42112289,-0.26405272,-0.42112784,0.0340998,-0.42111098,-0.42111672,-0.42112234,-0.31888657,-0.33210028,-0.41814152,-0.4197077,-0.42029463,-0.42103357
1-Cyclopentylethanol,-0.45537412,-0.76794932,,-0.91125455,,,,-0.84156643,-1.46369073,-0.44643504,-0.53055456,-0.24675762,
"1-Decanol, 2-methyl-",-0.18132862,-0.21280988,-0.16062098,-0.25869678,-0.12108715,,,-0.26747824,,-0.34996068,-0.34996004,-0.34993262,-0.34964575
"1-Decene, 8-methyl-",0.63536952,-0.39666503,-0.05996181,-0.33896772,-0.23253605,0.7226082,-0.39665613,-0.32991088,-0.29036007,,,,
1-Deoxypentitol,-0.719354503,,-0.719490459,-0.719693588,-0.719027435,-0.719185068,,-0.680571055,-0.719513775,,,0.066896124,
1-Hexadecanol,-0.22942235,,,,,,,-0.28019814,,-0.3204211,-0.3203975,-0.31938497,-0.3087898
1-Hexanol,-1.06818675,1.21738923,-1.07016407,-0.08323024,-0.29888938,-1.06572249,0.11104189,-1.07353084,-1.07050318,,,,
1-Hydroxy-3-methoxy-6-methylanthraquinone,-0.48199884,-0.4820024,,-0.48200494,-0.48199296,,-0.48199857,,,-0.48199945,-0.48199936,,
"1-Methyl-N,N-bis(trimethylsilyl)-4-[(trimethylsilyl)oxy]-1H-imidazol-2-amine",-0.724036222,,,,,,,,,,,1.731327368,0.39953117
1-Monoacetin,-0.26908774,-0.07592413,-0.19816699,0.2147433,-0.45682946,-0.13248357,-0.12521871,-0.30060585,-0.25689887,1.58033235,1.39263325,1.93450407,-0.47585805
1-Octadecanol,-1.11092708,-0.48883414,-1.07562141,-1.15053612,-0.79981711,-0.30888926,-0.89095308,-1.41513648,-0.71336043,-0.93226678,-0.78320078,-0.96692364,
"1-Octanol, 2-butyl-",-1.057545332,-0.455994172,-0.025012311,-0.475889965,-1.116645752,0.365665151,-1.121781153,,-0.409330311,-0.912305997,-0.960122456,-1.025614274,0.677420128
1-Octanol,-0.515467152,-0.552592082,-0.472706723,-0.615491139,,-0.312463826,,-0.55696173,-0.571430511,-0.92190949,-0.877139168,-0.92120589,2.687380357
"1-Octene, 2-methyl-",-0.4890009399,-0.6125703644,-0.540080296,-0.6651281497,-0.249701855,-0.3221605346,-0.7133155806,-0.6979774514,-0.5294785084,,-0.788832762,,0.1239380648
"1-Pentene, 3,3-dimethyl-",-0.396799436,-0.397936935,-0.397580552,0.320009844,-0.394920305,-0.395825967,-0.39671381,-0.398910543,-0.397714512,,0.301887076,,-0.382704529
1-Phenethylamine,-0.160390144,,,-0.332690837,,,,,,2.02645009,0.969993266,1.795920263,
"1-Phenyl-1,2-ethanediol",-0.82659214,,-0.7903296,-0.89526015,0.07725814,-0.11606023,-0.78736373,-0.90581643,-0.35430911,-1.06661971,-1.06649617,-1.06119525,
1-Phenylethanol,-0.27727106,-0.18159204,-0.27727666,-0.27728503,-0.27725759,-0.27726408,-0.27727045,-0.14720266,-0.27727762,,,,-0.27717002
"1-Piperazineethanol, 4-dibenzo[b,f][1,4]thiazepin-11-yl-",-0.77911848,-0.7858589,,,,,,-0.65691273,,-0.78027634,,,
"1-Propanamine, N,N-diethyl- ",-0.928386672,,,-1.186501173,,,,-1.234031025,-1.017850359,,,,
1-Tetradecanol,-0.163134587,-0.200548888,-0.03945287,-0.138022423,-0.007782374,-0.238310966,-0.168919897,-0.196387014,-0.194954411,0.222480328,-0.311703537,0.356952371,-0.269380637
"1,1'-Biphenyl, 3,4-diethyl-",-0.27620219,-0.36567847,-0.40488502,-0.37181791,-0.32018992,-0.16174847,-0.31288848,-0.42000701,-0.42105201,0.4408339,,-0.52767868,
"1,2-Benzenedicarboxylic acid",-0.55599798,-0.3188622,-0.61144008,-0.61638412,-0.09037847,-0.04487259,-0.5282807,-0.6475556,-0.34993767,-0.80760401,-0.80761355,,-0.80755492
"1,2-Butadiene, 1,1,4-triphenyl-3-trimethylsilyl-4-trimethylsilyloxy-",-0.8068767934,-0.8193206757,-0.815421954,1.0317120858,-0.7863196838,-0.7962273387,-0.8059400718,-0.8299716495,-0.8168874383,0.691986728,-0.8086972287,-0.7950881647,-0.6526828846
"1,2-Butanediol",-0.236510908,,,-0.241055365,,,,,,-0.236966709,,,
"1,2-Cyclohexanedicarboxylic acid, dinonyl ester",-0.3843394,,,,-0.3792601,-0.3817081,,-0.3900457,-0.3868128,,-0.3847892,,
"1,2-Dimethoxy-4-(1-methoxyethenyl)benzene",-0.24089454,,,,,,,,,,,,-0.34268955
"1,2,2-Trimethyl-1-aza-spiro[2.3]hexane",-0.781207661,-0.688256305,-0.883560206,-0.709069962,0.152204391,-0.63467913,-0.454748646,-0.663918304,-0.695827237,,,,
"1,2,3-Butanetriol",-0.499326897,-0.297562183,,-0.500089719,-0.498591105,-0.479589162,-0.439485745,-0.268494807,-0.145053755,,,,
"1,2,3,10,11,11a-Hexahydro-6,7,8-trimethoxy-3-oxo-5H-dibenzo(a,d)cycloheptene",-0.271266865,-0.443124318,,,,-0.133867819,-0.31313468,-0.522772958,-0.273359484,1.516638017,-0.009937454,1.345685963,2.238534997
"1,3-bis[(Trimethylsilyl)ethynyl]benzene",-0.72556354,-0.71779351,-0.84593827,0.09855041,-0.86811627,-0.86091991,-0.75846899,-0.83072711,-0.76299826,-0.96321662,-0.97318033,-0.97308013,-0.97203155
"1,3-Cyclohexanebis(methylamine)",-0.512561569,-0.514189753,-0.420125426,1.035598608,-0.509871833,-0.511168172,-0.512439006,-0.324983908,-0.238065213,1.54286911,,,
"1,3-Dioxane-4-methanol, 4,5-dimethyl-",-0.1725134913,,-0.1826475696,-0.2250052274,,,,-0.2304283446,-0.0005823002,1.6684974475,5.3903793186,1.25829324,-0.3294341659
"1,3,5-Benzetriol",-0.846553365,-0.850690396,-0.849394247,-0.204448527,-0.83971905,-0.760086412,-0.846241947,-0.854231367,-0.708882117,-0.847264017,0.697776986,1.660226124,
"1,3,5-Trimethyl-1H-pyrazol-4-amine",-0.167848866,,,-0.187726094,,-0.168643287,,,-0.16348918,,-0.273864644,-0.273933625,-0.274267801
"1,4-Butanediol",-0.706127,-0.8366412,0.3835664,0.1152631,-0.7881843,-0.2136321,-0.8356046,-0.8374664,-0.5319666,-0.7130921,-0.7641111,-0.8347639,
"1,4-diazabicyclo[4.3.0]nonan-2,5-dione, 3-methyl ",-0.27649687,,-0.30704019,0.24083983,-0.37186606,-0.31883874,,,-0.32792238,3.99789122,1.03413802,,
"1,4-Dioxaspiro[4.5]decane",0.34594323,-0.29913509,-0.29913408,-0.29913737,,-0.29912915,-0.29913165,0.11203993,-0.29913446,-0.29913244,-0.29913235,-0.29912886,
"1,5-Anhydroglucitol",-0.314552,,,,,,,-0.47446185,,,,,0.68604137
10-Heptadecenoic acid,-0.1091397114,-0.0808618225,,-0.2646856531,-0.1531245414,-0.0437732392,-0.0007507459,-0.1814519497,-0.0987177427,0.7601978902,0.8663171819,0.2383565572,0.3196406279
10-Nonadecenoic acid,-0.06798255,-0.52329493,0.08577982,-0.52770165,-0.20316769,0.21721191,-0.51664612,-0.52858739,-0.52208586,1.56574473,1.245237,1.02129592,-0.44049275
12-Hydroxyoctadecanoic acid,-0.552314376,,-0.224022799,,-0.541671891,-0.068573472,,,,2.159401865,1.473098467,-0.546211363,
12-Oxooctadecanoate,-0.2346569143,-0.2454068646,-0.4749987516,-0.306743661,,-0.1486452727,-0.5104927495,-0.5118895872,-0.2050504701,-0.3517152751,-0.363900701,,
13-Docosenamide,-0.55762473,-0.41960676,-0.60663683,-0.14912065,-0.53737741,-0.45406161,,,-0.53294105,-0.76166553,-0.7611919,-0.7637999,-0.76314473
"15-Oxo-11Z,13E-eicosadienoic acid",-0.3215662049,-0.4614735397,-0.4872645621,-0.0130563843,-0.43733799,-0.4872476213,-0.4872561936,-0.4872774033,-0.0997097505,0.0806565735,0.1101167454,,
"1H-Inden-1-one, 2,3-dihydro-7-hydroxy-3-methyl- ",-0.42866863,-0.3605185,,-0.40520233,-0.45718256,,,,-0.38341324,-0.45826878,-0.4582536,-0.45760224,-0.45078638
"1H-Indole, 1-(trimethysilyl)-2,5-bis[(trimethylsilyl)oxy]-",-0.846507044,0.060338364,0.391610223,-0.850317245,,-0.844603142,0.584264061,0.042878043,-0.848296739,,,,
"1H-Pyrazole, 3,4-bis(trimethylsilyl)-",-0.57532712,-0.22518458,-0.57574279,,,,-0.23878572,-0.27000086,,0.18406998,-0.57541567,-0.57475368,
"2-(2,5-Dimethoxy-phenyl)-propionaldehyde",-0.71423649,-0.85907308,,-0.76915255,-0.3854281,-0.41710589,-0.60001734,-0.69591456,-0.29539239,0.22436986,,,-0.55018684
2-(Bis[2-(trimethylsilyl)oxyethyl]amino)acetic acid,-0.30623091,-0.29920556,-0.33564205,-0.35369062,-0.24517131,-0.29235868,-0.22384993,-0.34413733,-0.36115319,-0.40329644,-0.40329595,-0.40327521,0.57676566
"2-(Decanoyloxy)propane-1,3-diyl dioctanoate",-0.11183234,-0.111833704,0.006431348,-0.111834675,-0.111830089,-0.111831174,-0.111832238,-0.070697739,0.014204545,,,,-0.11181545
"2-Acetyl-3-(1-methyl-2-pyrrolyl)-1,4-benzenediol",-0.3374599,,-0.360442742,,,,,-0.235840333,-0.352871166,,,,
2-Acetyl-5-chloro-3-methylbenzo(b)thiophene,-0.798863231,2.90164655,-0.799612751,-0.800732594,-0.797060109,,0.080738808,-0.800888946,-0.799741293,,,,
"2-Allyl-1,4-dimethoxybenzene",-0.478677612,-0.560346143,,,,,-0.487598554,,,1.068161844,0.789470491,1.47499299,-0.111463061
2-Amino-4-methylphenol,-0.13008669,,,,,,0.02926831,,,-0.24582165,-0.24581628,-0.24558572,-0.24317316
"2-Amino-4,6-dihydroxypyrimidine",-0.71893886,-0.52660539,-0.86562643,,-0.38374734,-0.70804854,-0.86550874,-0.86580703,-0.86564462,,,,
2-Aminoadipic acid,-0.041551194,-0.007666626,,-0.094483344,0.234878668,0.063272209,,,,0.003288349,,,
2-Aminobutanoic acid,-0.3099326977,0.2845736259,-0.2617090009,0.4361250698,-0.475900729,-0.359757464,-0.2752665062,-0.3674751624,-0.2972410802,1.0443654814,0.3458317689,-0.214862017,2.0351095867
2-Butenedioic acid,-0.4105278709,-0.2964980404,-0.0912104745,-0.1641184064,0.1960032673,-0.4193632118,-0.1837468915,-0.2508851253,-0.3600227239,2.8574721531,1.7754032838,1.1857994173,-0.3713902312
"2-Butenoic acid, 2-[(trimethylsilyl)oxy]-",-0.21019124,-0.2190735,-0.20314223,-0.23301806,-0.16705475,-0.18525877,-0.1773309,-0.2484076,-0.22308134,-0.31705941,-0.3170594,1.97428294,4.64816394
2-Ethyl-3-hydroxypropionic acid,-1.346045645,-0.458641077,-0.324926249,-1.087122266,0.469167506,-0.730068586,-0.578905446,-0.529071768,-0.262793455,,,-1.339794208,-0.827519863
2-Furoic acid,0.29365558,0.21290042,-0.63501276,0.83687985,-0.579915,-0.59867263,-0.21837057,-0.35964931,-0.63778729,,,,2.59178397
"2-Heptanone, 4,6-dimethyl-",-0.245352906,-0.223758251,,-0.245440727,,,-0.198427651,-0.123995249,,,,,-0.244717528
2-Heptenoic acid,-0.43033166,0.50820218,-0.10825231,,-0.20019286,-0.31875664,-0.2957217,0.13316401,-0.36234552,,,,
2-Hexen-1-ol,-1.033043811,-0.987928146,1.812983591,-1.224933378,-0.699678337,0.325099299,-0.722202307,-0.139589979,-1.038675831,,0.014098145,,
"2-Hexenoic acid, 2-[(trimethylsilyl)oxy]-",-1.014069096,-0.492830651,2.38568471,,0.094132312,-1.013663959,0.049681044,0.117157521,-1.01444993,-1.014150416,-1.014138351,-1.013620622,-1.008203103
2-Hydroxy-2-methylbutyric acid,-0.99297657,-0.99717998,-0.99586303,,-0.31950204,,-0.99266016,-1.00077776,,,,,
2-Hydroxy-3-methylbutyric acid,-0.16143,,,,-0.1679162,,,,,-0.3028493,0.3375161,-0.3027881,2.7200819
2-Hydroxy-5-methoxybenzaldehyde,-0.525906007,-0.638367367,-0.485981927,-0.778341551,-0.347999844,-0.355719723,-0.407225957,-0.584641696,-0.498546046,,0.461312806,,0.860178114
2-Hydroxybutyric acid,-0.3707499,-0.19522118,-0.96224102,-0.74511225,-1.07113708,-1.07250647,-1.07255095,-0.75171221,-1.07260109,1.11730192,0.22143911,1.40777754,1.85922509
2-Imidazolidinone,-0.2381771,-0.3949272,-0.279969,-0.2368217,-0.3763305,,,-0.2951476,,-0.3891194,-0.3889407,-0.3812717,-0.3010238
2-Isopropyl-5-methyl-1-heptanol,-0.12021491,,-0.15417559,-0.295406,,-0.10728875,-0.12751995,-0.19644325,-0.13980259,,,,
2-Ketoisocaproic acid,-0.84920227,-0.58088872,0.10985805,,-0.40026915,-0.84841029,-0.29186074,-0.03798452,-0.3955554,,,,
2-Methyl-4-pentenoic acid,-0.79393859,-0.84953793,-0.69745181,,-0.46678762,,-0.84238804,-1.00794762,-0.97284628,-0.39299303,-0.17286472,-0.2619943,
2-Methyl-E-7-hexadecene,-0.41889084,-0.40708871,-0.41889246,-0.41889488,-0.41888694,-0.41888882,-0.41889066,-0.41889522,-0.41889274,-0.41889124,-0.41889118,-0.4188886,-0.4188616
2-Methylglutaconic acid,-1.041480276,-1.08581382,,,,,,,,,,,
2-Naphthol,-0.608666491,-1.004243156,-1.033284823,-0.816280967,-1.103289273,-0.391725705,-0.907784476,-1.138855747,-0.703493097,-1.465170663,-0.817116286,-0.782880163,1.584621001
2-Oxooctanoic acid,-0.3553516896,-0.1701797951,-0.3994648084,0.1235408594,-0.3958736071,-0.3928456308,-0.3770483954,-0.2688969269,-0.4060821233,,-0.4067724003,-0.4070277583,-0.407029064
"2-Pentenedioic acid, 3-methyl-",-0.4353298,-0.4353318,-0.3196124,0.1028126,-0.4353266,0.1695458,-0.4353297,-0.4353335,-0.4353314,-0.4276306,-0.433543,-0.431397,
2-Pentenoic acid,-0.27924797,,-0.04918552,-0.43552974,,-0.13237036,,,,-0.50223854,-0.5021259,-0.32254424,
2-Piperidinone,-0.18164666,-0.04504892,-0.14821418,-0.08000052,-0.19532239,-0.14970091,-0.17443653,-0.23169484,-0.13259519,,,-0.23123089,
"2-Propanone, bis(1-methylethyl)hydrazone",-0.2018011,-0.2192428,-0.1884293,-0.2425456,-0.1046129,-0.1342403,-0.1754202,,-0.2192096,-0.3246873,0.8564331,,
"2-Propenamide, 3-phenyl-N-2-propenyl-",-0.144167049,-0.180915783,-0.177716577,-0.036570364,-0.190166966,-0.190303257,-0.174211315,-0.151349083,-0.172400462,,-0.190474794,,-0.188328641
"2-Propenoic acid, 2-[(trimethylsilyl)oxy]-3-[4-[(trimethylsilyl)oxy]phenyl]-",-0.15495989,-0.15555513,-0.07798937,-0.13774817,,,-0.15491508,-0.06846685,-0.11255304,,,-0.15439599,
"2-Propenoic acid, 2,3,3-tris[(trimethylsilyl)oxy]-",-0.232145147,,-0.232146898,-0.232149515,-0.232140933,-0.232142964,,-0.231291838,-0.232147198,,,,
2-Pyrrolidinone,-0.206031315,,,,,,,-0.150645051,,,5.201543629,,
2-Trimethylsilyloxysebacic acid,-0.117924127,0.769858754,-0.117924134,-0.117924144,-0.11792411,-0.117924118,-0.117924126,0.008139542,-0.117924135,-0.117924128,-0.117924128,-0.117924117,-0.117923999
"2,2-Diallylpyrrolidine",-0.1469109458,-0.1186980441,,,,,,-0.1852626449,,,,,
"2,2,4-Trimethyl-1,3-pentanediol diisobutyrate",-1.8157153485,-0.9272463817,-1.1386681049,-1.8317530621,-0.0658875135,-0.0736926485,-1.2970884078,-1.4632127728,-0.6024587584,,-0.9722595994,,
"2,2,8,8-Tetramethyl-3,7-dioxa-4-aza-2,8-disilanon-4-ene",1.178518279,1.127476911,1.560088253,,-0.365565195,-0.365565284,-0.365565371,-0.365565587,2.424567383,3.688196791,2.063701978,2.626852508,-0.365563995
"2,2'-Biphenyldiol",-0.08939381,-0.13049959,-0.18053974,-0.12571181,,,,,-0.11158499,9.39282583,0.31537201,-0.25052646,
"2,3-Butanediol",-0.514897893,-0.100437832,-0.420512201,0.537235752,3.398547625,-0.941374429,-0.712123958,-0.987560457,-0.949370338,-1.00216441,-1.002123239,,
"2,3,4-Trihydroxybutyric acid tetrakis",-0.909949574,-0.91268102,1.884560993,-0.914627652,-0.905437267,-0.907612008,-0.909743963,-0.91501892,-0.912146922,,,1.16998046,
"2,3,4,5-Tetrahydroxypentanoic acid-1,4-lactone",-0.54063076,,-0.540829121,,,,,,,1.10734477,1.037699953,1.500727105,0.003338022
"2,4-Decadienal",-0.642554419,,,,,,,,,0.365246643,0.621602376,0.166223924,2.642598646
"2,4-Diamino-6,7-dimethylpteridine",-0.87078357,-1.02764846,-0.91997581,,-0.53847428,-0.61578177,-0.80398584,-1.17901445,-0.97003191,-0.75497235,-0.76242798,-0.56967973,1.86989908
"2,4-Imidazolidinedione, 5,5-dimethyl-",-0.48444685,-0.46195892,-0.44961214,-0.11076073,1.24399921,-0.62688283,-0.35680206,-0.4032075,-0.54180419,-0.63432729,-0.63414264,-0.62621962,2.1084522
"2,5-Cyclohexadiene-1,4-dione, 2,6-bis(1,1-dimethylethyl)-",-0.70297926,-0.785569513,-0.895843316,-1.608973888,1.007456672,,-0.530030644,-1.104372374,-0.626829272,,,,0.319534277
"2,5-di-tert-Butyl-1,4-benzoquinone",-0.239663059,-0.339472288,-0.09139387,,0.415513767,0.163144196,0.172939279,-0.060322294,-0.339464226,,4.015019037,-0.339391999,-0.338920173
"2,5-Di-tert-butyl-4-((trimethylsilyl)oxy)phenol",-1.27113485,,-0.94645646,-1.34144476,-0.73246108,-0.76568726,-0.88910444,-1.14853577,,1.16508233,0.71971868,,
"2,5-Di-tert-butylhydroquinone",-0.20907183,-0.29092409,-0.22109715,-0.35594692,-0.28071179,-0.25947451,-0.24349797,-0.333482,-0.33894494,-0.4771714,-0.4771714,-0.4771714,-0.47716741
"2,5-Dimethoxy-4-(n)-propylphenethylamine",-0.4510383,-0.45268973,-0.45217233,-0.45386666,-0.44831016,-0.44962501,-0.45091399,-0.45410322,-0.38752781,,,,-0.43057521
"2,5-Dimethoxy-4-methylamphetamine",-0.75656115,,,,,,,,-0.75025812,,-0.34781773,,
"2,5-Dimethoxybenzhydrazide",-0.222718772,-0.140382075,0.226004965,-0.43856124,0.090958532,0.129843843,0.071529633,-0.130936085,-0.302482738,0.5872266,0.661561517,0.716794456,0.012843239
"2,5-Dimethoxybenzonitrile",-0.586129227,0.059212059,0.138502431,-0.652175874,0.311348621,0.21029967,0.113626928,-0.201054161,-0.336004039,0.78854541,-0.048026436,0.150693141,-0.691917867
"2,5-Dimethoxymandelic acid",-0.4257351,-0.3702984,-0.183038,-0.6042867,-0.07540205,-0.1901799,-0.07527127,-0.2088194,-0.3751568,-0.6533756,-0.6532996,-0.6533984,
"2,5-Dimethoxyphenol",-0.54003427,-0.58001398,-0.08834085,-0.98818983,-0.22062211,-0.07939454,-0.1554458,-0.42283406,-0.65727381,0.68315075,0.53594616,0.72010192,1.14944794
"2,5-Dimethyl-1-aza-bicyclo[2.2.1]heptane",-0.28814369,-0.05842387,-0.04895051,-0.28953003,0.33806128,-0.19095009,-0.05153608,0.09465536,-0.26559319,-0.27304695,-0.27715825,-0.29096696,-0.2889057
"2,5-Piperazinedione, 3-(phenylmethyl)-",-0.417741487,-0.41873743,-0.418425397,-0.266238057,-0.416096204,-0.416889161,-0.417666517,-0.419589877,-0.418542686,-0.417912568,-0.417887185,,
"2,5-Piperazinedione, 3-benzyl-6-isopropyl-",-0.9980228,,,-0.6835968,,,,,,,,,-0.9979145
"2,5-Piperazinedione, 3-methyl-6-(phenylmethyl)-",-0.27789239,,,-0.1798079,,,,,,,,,
"2,6-Bis[2-[2-S-thiosulfuroethylamino]ethoxy]pyrazine",-0.5480083476,,,-0.6824040701,,,,,,-0.2391434635,-0.3827641647,-0.6809579345,
"2,6-Dimethoxybenzylamine",-0.387009658,0.034760702,-0.453665364,,-0.003621118,-0.382224498,,,,-0.468898184,-0.468898077,,
"2,6-Dimethoxyhydroquinone",-0.321933776,-0.30448437,0.040057942,-0.595366394,-0.185196915,-0.061128089,-0.027633614,-0.234124087,-0.382030236,,,,
"2,6-Dimethyl-N-[3-(trimethylsilyl)-1,3-thiazinan-2-ylidene]aniline",-1.346300937,-1.420402956,-0.744385952,-0.693998429,0.016073229,-1.227446238,-1.410567488,-1.174344604,0.013645377,-0.34031465,-0.972928321,-0.44455877,1.07108594
"2,6,10-Trimethyltridecane",-0.07084188,-0.38675882,-0.38655547,-0.38722139,-0.38503753,-0.3855543,-0.3596573,-0.24822544,-0.38663191,-0.38622126,-0.38620472,-0.38549489,-0.37806721
2'-Deoxyribolactone,-0.52848261,,,,,,-0.30874471,-0.52849282,,,,,
"2',2,3,6'-Tetramethoxychalcone",-0.442800609,,0.065270709,-0.834206804,,,-0.197790656,,-0.485114513,-0.932099096,-0.932032986,-0.929196218,
3-(2-Hydroxyethyl)imidazole-2-thione,-0.205102736,-0.940359522,-0.689701089,-0.674820161,-0.510174503,-0.36406455,-0.058940138,-0.790312723,-0.614319795,,,,-0.52568916
"3-(3-Cyclohexylaminopropionylamino)-5-ethylthiophene-2-carboxylic acid, ethyl ester",-0.36760636,-0.31064199,-0.45730421,0.24799023,-0.43471881,-0.43284979,-0.37818055,-0.47209252,-0.36815379,0.69083405,0.31635211,1.63233982,3.5269179
3-Amino-2-piperidone,-0.369949308,-0.349263748,-0.349166333,0.076481831,-0.380105721,-0.388064973,-0.390018713,,-0.251764254,5.01408218,2.825803072,2.59367562,-0.208336878
3-Amino-5-morpholinomethyl-2-oxazolidinone,-0.50029481,-0.500353298,0.844512502,-0.500394981,1.31888884,0.346519816,-0.500290407,-0.500403359,-0.500341862,-0.120688758,-0.226076209,0.116768618,2.808219412
3-Aminobenzoic acid,-0.40098065,,-0.38987652,,-0.31503769,-0.29794279,,,,-0.16642792,-0.11420172,0.03201109,4.12858264
3-Aminobutanoic acid,-1.410020872,-0.5208089,-1.420103941,1.879200054,-1.385764014,-1.397454791,-1.408915565,-1.437272206,-1.421833175,-1.091368129,-0.955237637,-0.945115532,1.726362833
"3-Buten-2-one, 3-trimethylsilyloxy-",-0.753537023,-0.965847678,,-1.3443334,,,,,,-0.795930483,-0.712984025,-0.640065242,1.295474439
"3-Buten-2-one, 4-(4-methoxyphenyl)-",-0.31098838,-0.43183328,0.18569623,-0.65060043,-0.09411764,-0.12249558,-0.12693354,-0.19131383,-0.2855253,1.43178295,0.97652595,1.66367459,-0.61114724
"3-Cyclohexyl-L-alanine amide, N,N,N'N'-tetramethyl-",-0.2933796048,-0.2238500744,-0.3784841477,0.077544523,-0.4182824384,-0.4098380952,-0.3802586868,-0.2752002578,-0.2803604744,3.8771177996,3.0460019406,3.0969007266,-0.1348694439
3-Ethylphenol,-0.3652236,-0.45396336,-0.23060772,-0.5519664,-0.27139954,-0.33419937,-0.48546114,-0.54263072,0.12047975,-0.64445436,-0.37882072,-0.63709824,-0.56187675
3-Hexenedinitrile,-1.001888333,-0.906187071,-0.382946765,-0.971085868,0.045882165,-0.079707745,-0.895881527,-0.778837607,-1.058497315,,-0.327504426,,
"3-Hydroxy-2,3-dihydromaltol",-0.412103721,-0.262298297,-0.412186039,3.441603002,-0.411905688,-0.337347004,-0.0488636,-0.312657711,-0.412200157,1.505009393,1.315001006,1.808613437,-0.221138096
3-Hydroxybutyric acid,-0.67334276,-0.75753517,,-0.79890522,,-0.57134706,-0.38342933,-0.76594756,,1.45418187,0.66772739,1.23788263,1.92214652
3-Hydroxyisovaleric acid,-0.53177511,-0.33801146,-0.58138056,-0.80547868,-0.21397259,-0.48829637,-0.41494726,-0.76139878,-0.38400101,-1.02220932,-1.06893361,-1.10835992,-1.0461957
3-Indoleacetic acid,-0.79392419,-0.70722624,-0.73122019,-0.29396034,-0.79304104,-0.79346668,-0.66240329,-0.54041385,-0.57979339,-0.79401602,-0.7940024,,-0.78729989
3-Indolepropionic acid,-0.417984805,-0.555782934,-0.568833956,-0.098262777,,,-0.511689181,-0.250591985,-0.481695651,,,,
"3-Methoxyamphetamine, 4-Trimethylsilyloxy, N,N-bis(Trimethylsilyloxy)-",-0.271241278,-0.337297521,-0.443530718,-0.387950165,-0.366924886,-0.307690616,-0.251358942,-0.359229577,-0.287914809,,,,
3-Methoxysalicylic acid,-0.05173896,-0.35555535,0.15612211,-0.32776285,-0.29111791,-0.14153812,-0.35555498,-0.0501257,-0.20914241,,,,
"3-Methyl-1-(tetrahydropyrrolo[1,2-c]oxazol-3-ylidene)-butan-2-one",-0.285471513,,-0.312114893,0.007891767,-0.310844084,-0.316130628,,-0.196230484,-0.26978911,,,,-0.324372877
3-Methyl-2-butanol,-0.104879941,-0.411653053,-0.270229613,-0.226834859,-0.189015029,-0.006270674,-0.411176564,-0.399621536,-0.14492517,-0.411286041,-0.411274747,1.025917914,
"3-Methyl-2-butenoic acid, tridec-2-ynyl ester",-0.6872215723,,-0.8542082741,-0.6481300499,-0.129741615,-0.4205537104,,-0.4250621791,-0.5243927271,,,-0.8538219532,2.0610048501
3-Methyladenine,-0.73111761,-0.67663672,,-0.65356868,-0.80028934,-0.71476932,-0.7337163,-0.70150277,-0.7724473,,,,-0.79918009
"3-Methylpiperazine-2,5-dione, (R)-",-0.30247592,-0.1378938,-0.27708203,0.16692487,,-0.3168722,-0.30048269,-0.17362445,-0.27927227,4.64819398,4.27692991,,
3-Methylvaleric acid,-0.001910217,-0.129768107,-0.286939297,-0.928215463,-0.377552388,-0.384917267,0.004394931,-0.744230694,0.133458902,-0.903584987,-0.925056022,-0.908159618,
3-Nonen-1-ol,-0.459918774,0.039388855,0.269829615,,-0.45389147,0.257855674,-0.459644129,-0.116596262,0.102089678,3.952319267,6.273419945,-0.456462372,
3-Ureidopropionic acid,-0.75357165,-0.753719409,-0.012265722,,,-0.753445198,,-0.753845878,-0.753690516,-0.607954173,-0.538402946,,
"3,4-Dihydrocoumarin, 4,4-dimethyl-6-dimethylamino-",-0.248001704,,-0.003748831,,-0.05451797,,,,,0.925189791,0.606386837,0.870846739,-0.157570723
"3,4-Dihydroxymandelic acid, ethyl ester",-0.71425779,-0.68747303,-0.71426064,-0.71426488,-0.71425095,-0.71425425,-0.71425748,-0.71426548,-0.71426112,-0.7142585,-0.7142584,-0.71425387,-0.71420649
"3,4-dimethyl-5-(3,4-methylenedioxy)phenyloxazolidine",-0.50311259,-0.50458337,,,,,,,,,,,
"3,4,5-Trihydroxypentanoic acid, tetrakis(trimethylsilyl)-",-0.206313776,,,-0.501668633,-0.501589721,,,,,-0.501632494,-0.420044505,-0.404343152,-0.479298672
"3,5-Di-tert-butyl-2-trimethylsilyloxybenzaldehyde",-0.4077553,,-0.46593437,,,-0.47938975,-0.68404863,-0.69663168,,,1.09932745,-0.67836652,-0.60380248
"3,5-di-tert-Butyl-4-hydroxyacetophenone",-0.643876571,,-1.149430398,-0.809339838,-0.72905901,-0.792719821,,,-0.92719007,-1.146573829,-0.820512474,,
"3,5-Dimethyl-1,4-diallylpyrazole",-0.311287724,-0.372241744,,-0.147566339,-0.084863048,-0.105778486,,,-0.284839334,,-0.687929056,,-0.670641841
"3,5-Dimethylpyrazole",-0.4090204,-0.427312,-0.4014542,-0.5371262,-0.3341284,-0.3480058,-0.5332221,-0.4597973,-0.4112524,,,,-0.5063297
3'-(Trimethylsilyl)oxy-beta-naphthoflavone,-0.30899632,-0.36493025,-0.48183394,,-0.44367915,-0.44302198,,-0.37149597,-0.38970439,0.06278955,,0.30581426,
3'-Hydroxyacetophenone,-0.468468986,0.122136744,,,-0.558892065,-0.414224301,,-0.602792436,-0.544057749,0.293087805,,-0.033155392,0.777073851
"3beta-TRIMETHYLSILOXY-5alpha,6alpha-EPOXYCHOLESTANE",-0.246250213,-0.04961103,0.082066157,-0.278298762,-0.131539047,0.065171261,-0.085265603,0.066617972,-0.213918244,-0.047473319,0.895742976,-0.147422073,-0.189209002
"3beta,4beta-Bis(trimethylsiloxy)cholest-5-ene",-0.740957041,-0.5185273699,-0.361745878,,-0.3690707348,-0.5769770482,-0.5434259862,-0.6035820318,-0.6156000807,-0.3055005701,0.3428125376,-0.3297119561,3.5343504319
4-(Methoxycarbonyl)phenol,-0.179222857,-0.974799049,-0.78986211,-0.712186931,0.733935801,-0.234634544,-0.033286901,-0.52040332,-0.688470489,-0.933296708,-1.03488715,-1.065840939,0.356544096
"4-(tert-Butylamino)-6-ethylamino-5H-1,3,5-triazin-2-one",-0.06910081,-0.04479476,-0.23382049,-0.25146066,-0.06790151,0.07011416,-0.0470355,-0.22449731,-0.18255342,1.59922098,-0.10873072,-0.27585319,-0.26790461
4-(Trimethylsilyoxy)-3-penten-2-one,-1.175151297,-0.935929423,-0.955786897,-1.381809162,-0.563862123,-0.575646873,-0.594013414,-1.11912682,-0.985867998,-0.423129876,-0.301388549,,
"4-[2-(4,7-Dimethoxy-2H-1,3-benzodioxol-5-yl)ethenyl]-2-methoxyphenol",-0.10208176,-0.14356101,-0.11044323,-0.1445883,-0.07840005,-0.08359173,-0.11393014,-0.13712813,-0.12452091,-0.16266887,-0.16266869,-0.16266101,-0.16258072
4-Cumylphenol,-1.28170736,-1.28786109,-0.99569336,-0.57474443,-1.27154149,-1.27644101,-1.01054448,-1.02270046,-0.94251391,,,,
"4-Fluoroaniline, N-trimethylsilyl-",-0.921641076,,-0.722553616,-1.295091512,,,-0.868638107,-0.969713158,-0.979763216,,,0.475083271,2.627272968
4-Hydroxy-5-(hydroxymethyl)oxolan-2-one,-0.72410208,-0.72500079,-0.72471922,1.44276997,2.19311733,-0.72333296,-0.72403443,-0.72577002,-0.72482506,0.21302026,-0.5618378,0.46735832,0.95893537
4-Hydroxybenzaldehyde,-0.448372678,,,-0.449923571,-0.316628069,,,,,3.375602458,2.400588613,2.441176301,0.22617907
4-Hydroxybenzeneacetic acid,-0.90297068,-0.90488232,-0.90428339,-0.13174841,-0.89981268,-0.9013347,-0.90282678,-0.90651853,-0.90450852,2.28612693,1.90890195,1.31284294,0.05714718
4-Hydroxybenzoic acid,-0.24244777,,,-0.23127845,,,,,,2.38970801,2.78443949,1.89344652,-0.21019379
4-Hydroxybutanoic acid,-0.662304317,-0.692490382,-0.510346142,-0.568952984,1.30536921,-0.51259497,-0.207860968,-0.376128062,-0.6257206,1.100284414,0.214955285,0.4591903,-0.761374684
4-Hydroxyphenyllactic acid,-0.63524356,-0.85156734,-0.74597336,-0.74722457,-0.55754418,-1.09589754,-0.60067126,-0.5464137,-0.67591322,0.59044121,-1.26879743,0.30491959,
4-Methoxyphenol,-0.577343076,-0.713197475,-0.653036848,-0.826846085,-0.332798549,-0.435321775,-0.538564962,-0.83208924,-0.687123161,0.413633249,,0.843396197,2.664027904
"4-Methylethcathinone, N-acetyl-",0.05352598,-0.10658266,-0.18450578,0.02972921,-0.18375409,-0.23649664,-0.12584815,-0.27308265,-0.2665579,-0.31380061,-0.31376083,-0.31205376,-0.29419094
4-Methylvaleric acid,-1.332262896,-1.173499849,-0.777286,-1.249318976,-0.222831303,-1.156934133,-0.886231942,-0.721323474,-0.262641346,,,,
4-Pyridinol,-0.487202456,-0.51912735,0.062529685,-0.947319648,-0.056306685,-0.005896834,-0.105883677,-0.384441503,-0.606406268,0.733792208,0.602568138,0.314796692,0.954688741
"4,4,5,8-Tetramethyl-chroman-2-one",-0.09876569,-0.15208836,-0.26930047,0.05659225,-0.10815408,-0.08334063,-0.16693341,-0.27141293,-0.10071354,-0.26837015,-0.26832411,-0.26634821,-0.24567245
5-(2-Aminopropyl)-2-methylphenol,-0.045779192,-0.068241675,,-0.25023023,-0.066584871,0.148045936,0.053739466,,-0.029666329,,,,
5-Aminovaleric acid,-0.36434831,-0.37467326,-0.37143841,-0.38203159,-0.34729165,-0.35551223,-0.36357109,-0.38351059,-0.37265435,0.09350217,0.15788328,-0.0795074,
"5-Androsten-17alpha-methyl-3beta,17beta-diol",-0.2709843401,,,,,,,,,-0.2378801019,-0.2630860169,-0.262990861,
"5-Cholesten-3beta, 7alpha-bis[(trimethylsilyl)oxy]- ",-0.308478227,,-0.194996348,,-0.212960377,,-0.242690197,0.060126064,-0.303670053,-0.118696281,1.764027787,-0.274398803,0.054173826
5-Ethyluracil,-0.62253787,-0.52537749,-0.6238674,0.65182828,-0.6193394,-0.62088093,-0.62239212,-0.51877759,-0.5391327,-0.62287045,-0.62282111,-0.42139202,-0.59854696
5-Henicosylresorcinol,-0.724536071,-0.971500028,,-0.736260408,,,,-0.97150539,-0.785282356,,,-0.971487828,
5-Hydroxy-L-tryptophan,-0.15873404,,,-0.19009832,,-0.04458606,,,-0.14640529,5.07992241,,,-0.37543058
5-Hydroxyquinoline,-0.184089712,-0.080731676,-0.176371742,-0.321868929,-0.169654271,-0.075579003,-0.130842935,-0.230031422,-0.089753869,1.001951619,2.503251475,1.397650757,
5-Hydroxytryptophan,-1.47872359,-0.28671624,1.14190775,-1.07765527,-1.59000219,-0.90081066,-0.5444747,-1.61607845,-1.38543934,-0.55791641,-0.57731207,-0.56527993,
5-Methyluridine,-0.14299364,-0.22076762,-0.10461892,-0.06997433,,-0.21964659,-0.09380662,,-0.10085555,-0.22026732,-0.22025192,-0.21959129,-0.21267842
"5,10-Diethoxy-2,3,7,8-tetrahydro-1H,6H-dipyrrolo[1,2-a:1',2'-d]pyrazine ",0.190091702,,-0.317193609,1.334831307,-0.251143361,,-0.167445817,-0.317416614,-0.170061952,,,,
"5,6-Dihydro-5-methyluracil",-0.50533332,-0.297393531,,0.511058591,-0.424481759,-0.50504542,-0.382546182,,-0.265629993,-0.505391108,-0.505382534,-0.505014623,
"5,6-Dimethyl-4-phenyl-3-cyanopyridine-2(1H)-thione",0.082398462,0.13448094,-0.509302752,-0.509373398,0.116304948,,-0.509250285,,-0.509310861,,,,
"5alpha-Pregnane-3,20-dione",-0.44120071,-0.44505597,,,1.05361931,,,,,,1.60782252,1.37780152,
6-Hydroxyflavone-beta-D-glucoside,0.24552737,,0.67254133,,-0.63672018,,-0.64369581,0.71423943,,2.92186163,0.99838894,2.91259608,
6-Hydroxyflavone,-0.192001051,,-0.201677961,-0.09741245,,0.623836289,,-0.457245918,,-0.456520612,-0.456509635,-0.456038642,
"6-Methoxy-1-methyl-1,2,3,4-tetrahydroisoquinolin-7-ol ",-0.175756042,-0.168848323,-0.098785899,-0.18733067,-0.028015011,-0.006478848,-0.439817894,,-0.439991294,,,,
"6,7,4'-Trihydroxyisoflavone",0.11647335,2.69120002,-0.66655719,-0.02508292,1.12126164,0.35080309,,-0.66924835,,2.77641355,2.42545836,2.17977213,
"6,8-Dioxapentadecane",-0.277389152,-0.065306506,,-0.352209847,0.121065737,0.15964082,,,,0.623957784,-0.352209508,0.706353898,1.636773927
"7-(Trimethylsilyl)-2,6-bis[(trimethylsilyl)oxy]-7H-purine",-0.13734774,-0.09451707,,,3.86998495,-0.13734676,-0.13734766,,-0.13734866,-0.13734794,,10.29068518,-0.13733358
7-(Trimethylsilyl)amino-4-methylcoumarin,-0.592622324,-0.656442451,,,-0.653558616,,,,,,,1.429446706,
"7-Acetyl-6-ethyl-1,1,4,4-tetramethyltetralin ",-0.030761933,,-0.622882392,-0.446791767,,,,-0.472323151,-0.508559611,-0.577629394,-0.60280662,-0.583548364,
"7-Isoquinolinol, 1,2,3,4-tetrahydro-1-[(4-hydroxyphenyl)methyl]-6-methoxy-",-0.337930669,-0.386674959,-0.484219368,-0.591227383,0.1571187,-0.109901133,0.273626973,-0.141779414,-0.3970492,0.89685522,1.19700149,0.699750958,0.058289867
"7-Keto-3alpha,12-alpha-dihydroxycholanic acid",-0.26451239,-0.26475174,-0.26467675,-0.26492232,-0.22843012,-0.26430754,-0.26449437,0.85461179,-0.22386078,-0.2645535,-0.2645474,-0.03851672,0.46384638
"7,9-Di-tert-butyl-1-oxaspiro(4,5)deca-6,9-diene-2,8-dione",-0.54513175,,,,-0.27702661,,,-0.76877165,-0.62165244,,,0.68500929,2.44045631
8-Heptadecene,-0.32990754,0.857779,0.88141003,-0.33059501,1.36147368,-0.32956402,0.10890952,-0.13964514,-0.33023045,-0.32997649,-0.26204074,-0.32952727,-0.32493371
8-Hydroxy-5-(hydroxymethyl)quinoline,-0.080713636,-0.122550418,-0.230589698,,0.208123261,,0.085456468,0.013163274,,,-0.229529565,,
9-Hexadecenoic acid,-0.723446027,-0.780769937,,-0.859899303,-0.892486869,-0.893942148,0.411955163,-0.124763275,-0.868771678,-0.307855499,,-0.893774821,
9-Octadecenamide,-0.34500888,-0.25278905,-0.26441744,-0.28055847,,,-0.26259354,-0.26984491,-0.05876467,-0.40682414,-0.40505493,,-0.40594033
9-Octadecenoic acid,0.98127295,-0.66778715,-0.66778623,-0.66778924,-0.66777938,-0.66778171,7.57068317,-0.66778966,-0.66778658,,-0.52083925,,
"9,12-Octadecadienoic acid",-0.2676770862,,,,,,-0.3371913531,,,-0.0007069059,-0.4019510751,0.0310538398,-0.4035421824
"9(E),11(E)-Conjugated linoleic acid",-0.4235102,0.5546117,-0.4236908,1.4541374,1.5870839,-0.4232851,-0.4234904,1.2503092,-0.4237218,-0.4235554,-0.4235487,-0.423261,-0.4202504
"9H-Fluorene, 9-methylene-",-0.16300677,-0.17401734,,-0.37859854,-0.33898897,,,-0.4847074,,,,,
9H-Purin-6-ol,-0.24940122,-0.11266003,,-0.24955589,-0.24925204,-0.19365285,-0.24939443,-0.18611315,-0.24947387,,,0.07315499,
"9H-Purine, 9-(trimethylsilyl)-2,6,8-tris[(trimethylsilyl)oxy]-",-0.431755473,-0.432087373,-0.431983387,,,0.220558936,,0.768151222,,0.627480817,-0.258775606,-0.43144105,
"Acetamide, 2,2,2-trifluoro-",0.11007705,,,-1.15508933,,-1.15368397,-1.15411104,-1.15516771,,-0.81137451,-0.79757011,,0.69738037
"Acetamide, N,N-diethyl-",-1.079792622,-1.143934826,,,,,,,,-0.757525774,-0.791592622,-0.63582753,1.766068404
"Acetic acid, bis[(trimethylsilyl)oxyl]-",-0.823026,-0.336336,-0.2878319,-0.9531315,1.1879187,-0.4788324,-0.3592786,-0.2927286,-0.7364787,-0.9611178,-1.0537749,-1.0069363,-1.0882347
"Acetin, bis-1,3-trimethylsilyl ether",-0.15502197,-0.24284035,-0.1354729,-0.36217141,-0.93982465,-0.96828058,-0.93916469,-0.28269107,-0.95133504,-0.96851694,-0.96851108,-0.96825952,
Acetoacetic acid,-0.171116254,0.0111671666,-0.1592060259,-0.2301878577,-0.0224118076,,0.0651489579,-0.2393590918,-0.1566560795,,,,
"Acetohydrazide, 2-(2-isopropyl-5-methylphenoxy)-N2-benzylideno-",-0.32379762,-0.40076821,-0.40015771,-0.3347418,-0.39560059,-0.26344287,-0.39867294,-0.40243604,-0.40038719,-0.39915435,-0.39910468,-0.39697364,-0.18248547
Aceturic acid,-0.4384345162,,,-0.4943579273,,-0.3760757534,,,,,,,-0.4869282047
Aconitic acid,0.24912901,-0.34561574,-0.34561374,,2.28762054,-0.34560391,-0.34560889,-0.34562119,-0.34561449,-0.34561046,-0.3456103,-0.34560333,
Adipoyl-L-carnitine,-0.21116581,,,,-0.01224316,,,,,,,,
Albizziin,-0.134323093,-0.21372605,-0.104415678,-0.374965495,-0.300179965,-0.165777537,-0.231613861,-0.130874372,-0.333441815,1.027514829,-0.43447728,,
Alloxanic acid,-0.31071119,-0.41599225,-0.34008453,-0.0770401,-0.21029937,-0.19296523,-0.41595074,-0.41602529,-0.05961301,-0.41596027,,,1.45946985
Allylescaline,-0.295257168,,-0.559439451,-0.29603559,-0.375070986,-0.258595628,,,-0.574548672,,,0.343901222,1.382732416
alpha-D-Mannopyranose,-0.185107567,-0.185107567,-0.185107567,-0.185107568,-0.185107566,-0.185107566,-0.185107567,-0.185107568,-0.185107567,,-0.185107567,-0.185107566,-0.066106086
"alpha-L-Galactopyranoside, methyl 6-deoxy-, (R,R,R,S,S)-",-0.17548363,,,,,,,,,,,,0.6525634
alpha-Linolenic acid,-0.373665223,-0.415600783,-0.192136881,-0.576615345,-0.387684831,-0.589742803,-0.166949749,-0.399869732,-0.306578849,,,,-0.589645058
alpha-Tocopherol,-0.610657359,-0.764073425,-0.505468944,0.762322483,-0.485018434,,-0.316216042,-0.740832154,-0.620146099,,,,
Ammeline,-0.4326234479,-0.4135029215,-0.0004249099,-0.4670865229,0.4942596581,0.0914910384,-0.4786145259,-0.1200162185,-0.4786680343,0.1481473766,0.8520076183,-0.4785614841,-0.4778654373
"androst1-2,4,6,16-tetraene-3,6,17-triol",-0.22297095,-0.22298129,-0.22297805,-0.22298865,0.95968717,-0.22296211,,-0.22299013,,-0.22297273,-0.22297246,,
Arabinaric acid,0.2485316827,,,,-0.4378350804,,,,,,,,
"Arabinofuranose, 1,2,3,5-tetrakis-O-",-0.34232144,,,,,,,-0.58452889,-0.32102769,0.78233949,0.20501026,-0.34471347,
"Arabinonic acid, 2,3,5-tris-O-(trimethylsilyl)-, gamma-lactone",-0.32049671,-0.16096008,-0.32992329,-0.34400735,-0.29781918,0.27452997,-0.31946337,,-0.33153993,-0.32285479,-0.32250492,-0.30749211,-0.15039804
Arachidonic acid,-0.068482516,-0.054460081,,,,-0.023194327,,,,,,,
Arsenous acid,-0.56272479,-0.56353504,,-0.56411249,-0.56138627,-0.56203138,,-0.48003662,,-0.45767343,-0.17825211,3.78943734,-0.55268486
Aspartic acid,-0.1232961,,-0.21010178,,,,,-0.27701918,-0.23894244,-0.45576542,-0.45559981,-0.44849361,
Atrazine desethyl,-0.58059855,-0.515605,-0.58059881,-0.03537032,-0.58059793,-0.58059823,-0.58059852,-0.54792124,-0.55225648,,,,
Azatadine,1.667929196,1.564630764,,0.462666574,,,,-0.85891941,-0.858857859,-0.845249642,-0.858819331,-0.85254375,-0.858085414
"Azetidine, 1-acetyl-2-methyl-",-0.14003773,-0.14720633,,-0.14417137,,-0.06814137,,,,0.25109642,,-0.20513298,
"Aziridine, 1-(2-buten-2-yl)-",-0.44893224,-0.40485493,-0.4793246,-0.1423844,-0.4924888,-0.48800427,-0.46644738,-0.4231495,-0.45196263,-0.51328964,-0.51326847,,-0.50285916
"Benzaldehyde, 2,5-dimethyl-",0.02571516,0.08931749,-0.2983581,-0.42296422,-0.11925877,-0.3965659,-0.22509494,-0.02209091,-0.28000486,,,,
"Benzene, 1-acetoxy-2,6-dimethoxy-4-(2-propenyl)-",-0.4869553,-0.4943262,-0.4920168,-0.4995793,-0.4747786,-0.4806472,-0.4864004,-0.5006351,-0.4928849,0.1119646,0.5710643,-0.4799724,-0.395621
"Benzene, 1,1'-(1,2-cyclobutanediyl)bis-",-0.29761382,,,,,,,,,-0.45217604,-0.95404589,,
"Benzene, 1,3-bis(1,1-dimethylethyl)-",-0.78572732,-0.7881317,,-0.78984525,,-0.78366965,-0.78554633,-0.79018967,-0.75543347,-0.78614034,-0.37310529,-0.78344954,1.02135562
"Benzene, 3-cyclohexen-1-yl-",-0.12281455,,,,,,,,-0.25850604,,-0.71752105,,-0.79920067
"Benzene, 4-ethenyl-1,2-dimethoxy-",-0.535045511,-0.678640495,-0.348271195,-0.786888947,-0.363500753,-0.32350801,-0.57338182,-0.115719736,-0.539615043,0.473197713,-0.18756448,-0.941870589,
Benzeneacetamide,-0.617528859,-0.617777298,-0.617699461,-0.617954355,-0.61711844,-0.377229647,-0.339986423,-0.29526978,-0.617728719,-0.036507953,-0.038000477,,-0.61445041
Benzeneacetic acid,-0.52633959,,,,,-0.74789276,-0.38900351,-0.48338801,,3.81183175,3.49872006,1.4652863,
"Benzeneethanamine, N-[(pentafluorophenyl)methylene]-4-[(trimethylsilyl)oxy]-",-0.71437719,-0.82761802,-0.82724145,1.20350597,-0.82443051,-0.82538748,-0.80454636,-0.80920659,-0.6236764,2.62526743,1.11105932,-0.17241847,-0.81152278
"Benzenemethanamine, 2,3-dimethoxy-",-0.9682299,,,-0.96875577,,,-0.96820679,-0.75933426,-0.96847691,-0.96288776,-0.96335086,-0.96793902,
"Benzenepropanoic acid, 3,5-bis(1,1-dimethylethyl)-4-hydroxy-",-0.219971428,,,,,-0.137943827,,-0.251713352,,0.007452832,-0.11501346,,
Benzenepropanoic acid,-0.56904212,-0.588352574,-0.325287191,-0.694614077,1.234840416,-0.413232207,0.032726181,-0.076798064,-0.525660374,-0.670866422,-0.670068122,,
"Benzimidazole, 5-trifluoromethyl-2-methyl-",-0.8363838,-1.23658,-1.193238,,-0.3485339,-0.5795397,-0.9622024,-1.33372,-0.9513725,-1.110643,-1.058636,-0.7302784,
"Benzo[b]fluorene, 5-amino-7-methyl-1,2,3,4,6,7,8,9-octahydro-11-thia-10-aza-",-0.659432361,-0.505145715,-0.726976931,-0.727246517,-0.622574307,-0.595773896,-0.473826896,-0.340645566,-0.543260627,-0.707222973,-0.694309183,-0.718095208,-0.723540595
"Benzoic acid, methyl ester",-0.303281672,-0.377070887,,,-0.153496589,-0.23007051,-0.293225467,-0.40015676,-0.343395952,-0.325235456,0.859176622,0.299760869,
"Benzoic acid, pentadecyl ester",-1.5431906269,-0.7619506529,-1.3061629661,-1.3820344216,-0.0744680566,-0.2640196749,-1.3568517911,-1.7465752523,-0.6520094769,-0.5438684181,-0.7444013276,-0.5651767886,1.7445167941
Benzoic Acid,-0.36263444,-0.33839475,-0.37279687,-0.41922782,-0.23250976,-0.25945396,-0.35893701,,-0.23620744,-0.39167836,-0.39004903,-0.34932799,3.6973327
Benzoin,-0.62530241,-0.62722284,-0.62662116,0.62205204,-0.62212989,-0.62365891,-0.62515785,-0.62886657,-0.62684733,-0.01975195,-0.62558335,-0.62348311,-0.60150611
Benzophenone,-1.562140925,,,-0.847320145,,,,,,-0.662089254,,,
Benzyl alcohol,-1.08001703,-1.22793998,-1.13669459,-1.24242011,-0.92839511,-0.97217457,-1.07570188,-1.37749988,-1.23704207,-1.1725878,-1.12687592,-1.03433805,0.62817549
"beta-d-Fructopyranose, 1-deoxy-1-(4-morpholinyl)-2,3,4,5-tetrakis-O-(trimethylsilyl)-",-0.165491473,-0.155572398,0.159864984,-0.254553217,-0.148028576,-0.2609319,-0.018861453,0.162817285,-0.15006431,0.752695474,-0.261032086,0.752701181,-0.259778632
"beta-D-Galactofuranose, 1,2,3,5,6-pentakis-O-(trimethylsilyl)-",-0.2519731667,-0.313838653,-0.2461264109,-0.2016251926,-0.0545093638,,-0.2754947343,-0.2853662433,-0.1058335055,-0.313613196,,-0.3133085508,
beta-D-Glucopyranose,-0.02333138,,0.43374887,-0.4048413,-0.4048413,,0.03160237,-0.0982617,-0.03719797,,,,-0.33284282
beta-Hydroxypyruvic acid,-0.247177,-0.244009103,-0.320516184,,,-0.309192369,-0.182572591,-0.27922767,-0.139537707,,,,-0.323683739
beta-Lyxopyranose,-0.3790422,-0.3793014,-0.3792202,-0.3794861,-0.1729797,-0.3788204,-0.3679532,-0.3795233,-0.3792507,,,,
beta-Methylphenethylamine,-0.2317897171,,,,-0.0650083369,,-0.0186411025,,,,1.8935654256,,-0.2627450401
5-Hydroxyhexanoic acid,-0.23972973,-0.088152245,0.022173323,-0.185617106,1.3372518,,0.048484956,0.105900036,,,1.470827564,,
Bis(trimethylsilyl)acetylene,0.12233485,-0.94095869,-0.93938493,-0.23389726,-0.9276375,-0.93163683,-0.04518682,-0.47422702,-0.93997648,-0.65804371,-0.66606488,-0.64041049,
Bis(trimethylsilyl)histidine,-0.4401922669,,,-0.4414567302,,,-0.4401366911,-0.4415624882,,-0.4403190905,2.787693242,1.8046380312,
Boric acid,0.540416702,,,,,,,,,,-1.098891359,-1.089302763,1.431594925
"Butanal, 2,3,4-tris[(trimethylsilyl)oxy]-, O-methyloxime, [R-(R*,R*)]-",-0.39061815,-0.39458813,-0.39334432,,-0.3840598,-0.38722065,-0.39031931,-0.39798612,-0.39381185,-0.39130011,-0.39119892,-0.38685722,-0.34142557
Butanedioic acid,-0.775549819,,,,,,,,,,,,
"Butanoic acid, 2-methyl-3-[(trimethylsilyl)oxy]-",-0.80960385,-0.51353519,,0.03816554,0.86796556,-0.5030069,0.52700173,-0.22120253,-0.50627555,-0.81023254,-0.21194958,-0.80613667,3.13985071
"Butanoic acid, 2,4-bis[(trimethylsilyl)oxy]-",-0.06809891,-0.06350533,-0.04319295,-0.11066897,-0.0628644,-0.02874216,-0.05326658,-0.09492358,-0.05725591,,-0.16677059,,-0.16676479
Butylated Hydroxytoluene,-0.979490903,-1.060039105,-0.980976374,-1.57577441,-0.384936876,-0.576293195,-0.619541921,-0.78878525,-0.599212516,,,,
Butylmethylamine,-0.25951609,-0.19926897,-0.38409754,-0.47367679,-0.24619971,-0.41174746,-0.03132931,-0.55940667,-0.62390886,-0.70266569,-0.70250852,-0.69576434,2.43689555
Butyrovanillone,-0.67512022,0.41829646,-0.68772922,-0.70656808,-0.64478673,-0.65940619,-0.36300365,-0.70919834,-0.68989165,,,,-0.44759606
Cadaverine,-0.15890129,-0.33205564,,,,,-0.33205564,,,3.4241185,,,
Campesterol,-0.792622513,,,,,-1.246694193,,,,-0.687433615,-0.182150652,-0.021418818,
"Carbonic acid, eicosyl vinyl ester ",-0.605791705,-0.605842655,-0.605826692,-0.605878965,-0.605707536,-0.605748102,-0.605787869,-0.334712484,-0.605832692,1.248145852,0.541069865,0.277575123,0.258890223
"Carbonic diamide, N,N'-dibutyl-N'-methyl-",-0.21453516,,,,,,,-0.25070507,,4.96904522,-0.40568921,6.67028688,-0.27828696
Carfentrazone-ethyl,-0.44128154,0.7091275,-0.44131979,-0.44137694,-0.44118952,-0.44123387,-0.44127735,0.65733137,-0.44132635,0.88522108,,0.90169393,
"Cephalotaxine, 3-deoxy-3,11-epoxy-, (3alpha,11alpha)-",-0.172171541,0.001692926,,,,,,-0.041666303,,-0.227409365,-0.25115841,-0.26722198,
"Cetaben, N,O-bis(trimethylsilyl)-",-0.115713169,-0.206914852,-0.108212126,-0.102145248,0.067236642,-0.056586818,-0.173163331,-0.162085849,0.029379155,-0.206663132,-0.206655386,-0.206322998,
"Cholest-22-ene-21-ol, 3,5-dehydro-6-methoxy-, pivalate",-0.14239378,,-0.10330424,-0.13210135,-0.23163262,-0.0615253,-0.19617976,-0.20645828,-0.10449355,,,,0.78776756
"Cholest-5-ene, 3-(1-oxobuthoxy)-",-0.225165768,-0.22883447,-0.22768505,-0.231449061,,-0.222026098,-0.224889604,-0.231974588,-0.228117104,,,0.09497871,-0.179706359
"Cholest-7-en-3-ol, (3beta,5alpha)-",-0.776928198,,,,,,,,,,,-1.026178395,
"Cholesta-2,4-diene",-0.10924827,-0.17577871,-0.07579113,-0.07135752,-0.07440224,-0.04195636,-0.05389688,-0.17578061,-0.08808418,,-0.16622822,,-0.13827554
"Cholesta-3,5-dien-7-one",-0.22376798,,-0.12019601,-0.22657904,-0.10334712,-0.20707907,-0.16257457,,-0.21565231,,1.28890559,-0.22834824,-0.22834824
"Cholesta-3,5-diene ",-0.260502123,-0.257396375,-0.212856788,-0.229576332,-0.153587064,-0.182430221,-0.202882986,-0.274407866,-0.321280969,0.490843912,-0.299222219,,
"Cholesterol, pentafluoropropionate",-0.22333586,-0.2233524,0.0232311,-0.22336418,-0.22330854,-0.22332171,-0.13991041,0.08310463,-0.22334916,-0.2233387,-0.17041062,-0.12308814,-0.22313095
Cholesterol,-0.62055465,,-0.68922429,,,,-0.5569087,-0.72280793,,,-0.39957046,-0.02706802,
Cinnamic acid,-0.421052847,-0.468319493,0.022972679,-0.608310551,0.858911399,0.038631804,-0.655204278,-0.66310756,-0.375884967,-0.656215329,0.287633901,0.650517671,-0.604802475
cis-4-Trimethylsilyloxy-cyclohexyl(trimethylsilyl)carboxylate,-0.705297985,0.24175075,-0.474695042,-0.71357634,-0.489683407,-0.701161413,,,-0.709186424,,-0.706005098,-0.58476848,
"cis-4,5-Dihydroxy-o-dithiane, 2O-",-0.948790012,-1.053495344,-0.92070557,,-0.855700044,,,-1.112651823,,,,-0.553492956,
Citric acid,-0.67698382,-0.67721945,-0.67714563,-0.67738739,-0.67659455,-0.67678216,-0.67696608,-0.30245985,-0.67717338,0.4975524,0.60908058,0.63689963,2.20616848
Cyclo-(l-leucyl-l-phenylalanyl),-0.68180167,,,,,,,-0.61773733,,4.16658525,1.19933602,-0.68040423,-0.66352333
Cyclo(L-prolyl-L-valine),-0.139348,-0.2083507,,0.3107953,,,,-0.3037544,,4.6149006,2.4665684,,
cyclobutanecarboxylic acid,-0.398907701,-0.030981028,,-0.434925843,,,-0.40855909,-0.007311112,-0.406231439,0.426703344,3.407403552,-0.083462624,
Cyclobutanol,-0.323533303,-0.413916532,-0.364662706,-0.436986442,-0.183992523,-0.27821748,-0.31528733,-0.451202624,-0.428216683,-0.648489013,0.139228421,-0.647285181,4.094857065
Cyclohexanol,-0.95787775,-1.05266923,-0.94091801,-1.12520932,-0.65914095,-0.81687159,-0.985515,-1.25622265,-1.15490114,,-0.95489327,,2.246387
"Cyclohexanone, 3,3,5-trimethyl-",-0.92144577,-0.9136485,-0.96209417,-1.14962522,-0.72405063,-0.53629236,-0.81578939,-1.33805886,-0.64887136,-0.97744468,-0.94688577,-0.41986687,1.74384633
"Cyclohexene, 3-butyl-3-methyl-1-trimethylsilyloxy-",0.22897019,0.05031284,-0.16477966,-0.10905904,-0.1647023,0.34832948,-0.16475446,0.05393719,-0.16478356,-0.16476263,-0.16476179,-0.16472561,-0.16434707
"Cyclohexene, 3,3-dimethyl-1-(trimethylsilyloxy)-",-0.12112242,-0.16830824,,-0.13587931,,-0.17708197,,-0.1484928,,,,,
"Cyclopentaneacetic acid, 3-oxo-2-pentyl-",-0.74512874,-0.374539946,-0.596410833,-0.617788366,0.060350218,0.051366788,-0.782068957,-0.671600989,-0.239882978,,,,
"Cyclopentanone, 2,2,4-trimethyl-",-0.09629166,-0.11232003,-0.10176922,-0.11772831,-0.06326398,-0.07478402,,-0.12729856,-0.10677498,-0.17009039,-0.17009038,,-0.17008697
D-(-)-Citramalic acid,-0.7357303996,-0.747396999,-0.7437418034,-0.7557114882,3.4568236892,-0.7257461424,-0.7348521886,-0.7573826804,-0.745115749,,,,
"D-(-)-Fructofuranose, pentakis",-0.848589726,,,,-0.848589558,,,,,-0.054073639,,,
"D-(-)-Lyxose, tetrakis",-0.95895265,,,,,,,,,-0.57007833,-0.61908821,,
"D-(-)-Ribofuranose, tetrakis",-0.31849629,-0.56178039,-0.13283866,-0.52601471,,,-0.11152263,,-0.57405162,0.34169109,-0.57340166,-0.57232166,0.31622864
D-(+)-Glucosamine,-0.30864157,-0.04901635,-0.30865426,-0.30867322,-0.30861104,,-0.30864018,-0.30867587,,3.09940727,,,-0.30841259
"D-(+)-Ribono-1,4-lactone (R,S,R)-",-0.475444208,-0.258376208,,,,1.701944991,,,,-0.475445908,-0.475445656,-0.475434834,
"D-(+)-Talofuranose, pentakis",-0.504333436,-0.577316698,-0.577316676,-0.520708092,,-0.577316564,,,,,,,0.857953947
"D-(+)-Xylose, tetrakis",-0.20511368,,,-0.0390856,,,-0.04586734,,-0.07993518,-0.20513548,-0.20513224,-0.2049935,-0.19352581
D-Arabinose,-0.8340423681,-0.8343556948,-0.8342575282,-0.8345789948,-0.8335247571,,-0.8340187822,-0.8346238775,-0.8342944279,,,,-0.7147845725
"D-Erythro-Pentofuranose, 2-deoxy-1,3-bis-O-",-0.8789416507,,,,,,,,,-0.4130058471,,0.0075426539,0.882350164
D-Fructose,-0.3874335,-0.4639399,-0.2967373,-0.6724603,-0.329655,-0.2855113,-0.4485094,-0.3394262,-0.3070689,1.1350304,0.7255514,1.4426836,1.2747552
D-Fucitol,-0.11984493,-0.19240639,-0.04647525,-0.0854374,-0.18815063,-0.11931433,-0.14518985,-0.19389231,-0.04672883,-0.2451449,-0.24514411,-0.24511006,-0.24475381
"D-Isoleucine, N-acetyl-",-0.903660087,-0.941496137,-0.450409791,-0.638741312,-0.743625125,-1.053770672,-0.027671627,-0.211238095,-0.712515721,,,,
D-Leucylglycylglycine,-0.450938485,-0.451980151,-0.451653793,2.796625024,-0.44921767,-0.45004703,-0.450860073,-0.452871733,-0.451776467,2.336075467,-0.451090872,-0.082975188,-0.438031064
D-Mannose,0.87498646,,,-0.98997428,,,,,,-0.98985915,,-0.98977553,
D-Ornithine,-0.488790511,-0.48981841,-0.489496365,,,,,-0.490698209,-0.489617418,,,,1.252628396
D-Proline,-0.281887472,,,0.207720783,,,,,,-0.36854565,-0.36854469,-0.368503492,-0.368072396
"D-Psicofuranose, pentakis",-0.5402517378,-0.8349356538,,-0.8501725618,,,-0.2865318115,,,,,,
D-Ribose,-0.33767074,-0.3089975,-0.03013466,-0.39424896,0.00659846,-0.1633319,-0.39424433,-0.18082125,-0.32030913,,,,0.88287739
D-Threitol,-0.5786182,-0.6151999,-0.66271703,,-0.65973918,-0.66075297,,-0.66420581,-0.66286698,1.56500746,,1.49299964,1.07225415
"D-Xylofuranose, 1,2,3,5-tetrakis-O-",0.15575063,-0.15119369,,,,,,,,1.40691999,1.26471352,3.32652691,-0.02745853
Decanoic acid,-0.7048183,-0.5891145,-0.7208743,-0.6817363,-0.494687,-0.2566389,-0.6567388,-0.7694654,-0.6097231,-1.0759541,-1.075954,-1.0752466,-1.0759201
Dehydronorketamine,-0.66006022,-0.781426804,-0.688498253,-0.782439674,-0.783192834,-0.097147999,-0.700759414,-0.783605239,-0.543656597,,,-0.783275675,
Delorazepam,-1.059524075,-1.001680754,-1.060228706,0.502891532,,-1.058645925,-1.004397093,,-1.06034955,,,,
Deoxycholic Acid,-0.425687329,-0.408813355,,-0.42649528,,,-0.405418519,,,-0.276681871,,-0.32979909,4.672794044
Desmosterol,-0.8804767189,-0.9576179075,-0.548713347,,-0.9567269733,,-0.7018744052,-0.8699848801,-0.6430235289,-1.2582215292,-0.6865745126,-0.6831739505,0.2774690932
Dicyclohexylamine,-0.571465297,-0.572222151,0.347223401,-0.572761543,-0.570214984,-0.570817581,0.079563373,-0.572869959,-0.572074158,,-0.571576018,-0.570748295,1.798487751
Dihydrouracil,-0.44377764,,-0.42767025,,,,-0.42065635,,,2.42413643,,,1.18063814
Dimethyl fumarate,-0.662249718,-0.602497216,0.02658881,-1.065379608,-0.228373208,-0.21111799,-0.302187118,-0.424405806,-0.670192108,-0.374986152,-0.379354173,-1.064470957,-1.060561805
"Dimethyl hexopyranosiduronate, alpha-D-",-0.872233376,-0.872239895,-0.872237852,,-0.872222607,-0.698189319,-0.872232885,-0.872245475,0.02479437,-0.307069686,-0.323068151,,
Dinoseb,-1.21798559,,,,,-1.21767038,,,-1.2182819,-0.5065994,-0.59928591,-0.78526582,1.69154346
Diphenyl ether,-1.155081915,,,-0.882534161,,,,,,-0.707531926,-0.831616332,-0.610810699,1.736953482
DL-Glyceraldehyde,0.36548397,0.29401968,1.31559555,-0.37400071,1.09872853,1.49333265,1.54047441,-0.37413795,-0.37313064,5.46315927,3.0433818,-0.3714524,-0.36048916
DL-Ornithine,0.186728965,-0.197810055,-0.237580855,,-0.209353049,-0.099849022,-0.044103685,,,1.884698409,3.922310131,,
DL-Phenylalanine,-0.368511136,-0.289629795,-0.422023804,-0.043924057,-0.191125047,-0.374839947,-0.180902061,-0.335829333,-0.401023797,1.131781618,1.109082892,0.755301673,1.336405451
"DL-Proline, 5-oxo-",-0.39750018,-0.397573069,-0.397550233,0.317387392,-0.39737977,-0.397437803,-0.397494694,-0.397635456,-0.397558816,-0.389427716,-0.37054749,-0.364580793,-0.292733508
Dobutamine,-0.70973904,,,-0.71121002,,,,,,-0.69620063,-0.65362137,-0.70892538,-0.69909652
Doconexent,-0.53885669,,-0.3064278,,-0.53413866,-0.37662042,,-0.69521306,-0.44107324,1.62161561,1.84720579,,
Docosyl octyl ether,-0.50887497,-0.50891827,-0.5089047,-0.50894913,-0.50880345,-0.50883792,0.34602831,-0.04034754,-0.36341352,-0.25903518,-0.20018867,-0.33618617,
Dodecanamide,-0.236075355,,,,,,-0.031704901,-0.233402397,-0.222611752,-0.335411269,3.011212255,-0.332414462,-0.301770025
"Dodecanamide, N-(2-hydroxyethyl)-",-0.374891762,-0.499325888,-0.433268867,-0.495682284,-0.38782248,-0.241383854,-0.358857525,-0.546131642,-0.371763687,,-0.742759476,,
"Dodecane, 4,6-dimethyl-",-0.4131886,-0.4131892,-0.413189,-0.4131896,-0.4131877,-0.1888253,-0.4131886,-0.4131897,1.383893,,,,
"Dodecanoic acid, 1-methylethyl ester",-0.307934669,,,,,-0.919257097,,,-0.919334523,-0.919305018,-0.919303829,1.438798953,0.331307271
Dodecanoic acid,-0.71917392,-0.86710911,,-0.29859852,-0.25102906,,-0.64151362,-0.87829751,,,,-0.60912658,1.45819996
Dodecylcyclohexane,-1.08229009,-1.08718865,-0.1538905,-1.09067973,1.02949547,,0.23371628,-1.09138143,-0.23040252,-1.08313156,-1.08300671,-1.07764947,-1.02159135
Dopamine,0.740788907,,0.492675961,,0.362438146,,0.332851539,,-0.372108882,,,,
Ecgonine,-0.210031504,-0.207887925,-0.233488156,-0.247459348,-0.244304624,-0.225966607,-0.245782956,-0.212818523,,-0.246014595,,-0.2449653,
Eicosapentaenoic acid,-0.2075631324,-0.2274466624,-0.2270931446,,,-0.225352667,,-0.2284124427,-0.2272260278,,,,
Erythritol,-0.35324647,,,,,,,,,-1.31802322,,0.92249477,
"Erythrono-1,4-lactone, (Z)-",-0.32165539,-0.31042372,-0.27572815,-0.46889949,-0.15066323,-0.0864028,0.19808074,-0.21992649,-0.39565124,,0.77396513,1.23114035,-0.03317653
"Ethanamine, N,N-diethyl-2,2-dimethyl-2-[(3,5-dimethoxy)phenyl]-",0.20659323,-0.13356935,-0.13356706,-0.13357455,-0.13354999,-0.1335558,0.30274924,0.1838464,-0.13356792,-0.13356331,-0.13356312,-0.13355514,-0.1334716
"Ethanol, 2-(9-octadecenyloxy)-",-0.26051624,,,,,,-0.64951414,-0.489517,,,,,
Ethanolamine,-0.4972755,-0.42354508,-0.47599845,-0.69856784,-0.22785572,-0.42582683,-0.36693338,-0.37619704,,1.94879828,0.65892382,2.03656067,
"Ethanone, 1-(2,5-dimethoxyphenyl)-",-0.2106234,-0.2981378,-0.1223287,-0.5153434,-0.07827912,-2.474027e-05,-0.125158,-0.1619176,-0.2902228,0.04401063,0.02710693,-0.05487761,-0.3394555
"Ethanone, 1-(5-methoxy-2-methyl-3(1H)-indolyl)-",-0.49164842,-0.31305018,-0.08942357,-0.57792309,-0.15853824,0.01693724,-0.10360221,-0.19873286,-0.30391839,-0.57721301,-0.57720126,-0.57669729,1.28445023
Ethyl alpha-D-glucopyranoside,-0.5908088746,-0.5908143259,1.994639946,,8.1415191036,-0.5908042094,-0.5908084643,-0.5908189918,-0.0182733132,,,,-0.5907413269
Ethyl cis-2-trimethylsilyl-cyclopropane-1-carboxylate,-0.27043035,,-0.28036517,,-0.19871239,,,,-0.2405445,-0.24495384,-0.44894788,,
Fenitrothion,-0.855867706,-0.725455166,-0.567051302,-0.855885565,-0.312940629,-0.416785258,-0.213040299,-0.535194055,-0.663740885,-0.504451033,-0.563289115,-0.931306119,-0.434024394
"Furan-2-carboxaldehyde, 5-(1-piperidyl)-",-0.323251657,-0.323260787,-0.323257927,-0.019706989,-0.323236574,-0.323243844,-0.32325097,-0.323268602,-0.323259002,-0.323253226,-0.323252993,-0.323243008,-0.321694778
"Furan, 2-pentyl-",-0.584042084,,,-0.480473783,,,,,,,,,-0.549775997
Galactopyranose,-0.45001626,-0.33177822,-0.32943038,-0.49830074,0.13444201,,-0.3163517,-0.32758652,,,-0.6747916,,
Gln-Ala,-0.101260202,-0.101261408,0.029494041,-0.078892244,-0.101258209,-0.101259169,-0.101260111,-0.10126244,-0.101261172,-0.101260409,-0.101260378,-0.101259059,-0.101245254
Glucopyranose,-0.256806647,,-0.256806647,-0.256806647,,,,,,,,,
Glucose,-0.23076018,,,,,,,,-0.10504449,-0.29615409,0.48875107,2.22753857,-0.29595133
Glyceric acid,-0.11414141,0.020211593,-0.055976991,,-0.155195459,-0.052150879,0.078649853,-0.003321082,-0.102634091,,-0.271863712,-0.271863341,
Glycine,-0.566011793,-0.566592587,-0.566830116,-0.513767823,-0.567361369,-0.566960624,-0.566821099,-0.562996619,-0.565651632,,,,
"Glycine, N-(1-oxobutyl)-",-0.284174041,-0.296295568,-0.11550889,-0.130123965,-0.180238081,-0.219219623,0.289710898,0.292173993,-0.276344952,0.130258681,-0.118928028,0.373153634,-0.212703644
"Glycine, N-(N-DL-leucylglycyl)-",-0.14710086,-0.14734027,-0.14726526,-0.14751089,-0.14670536,-0.11720557,-0.14708284,-0.14754519,-0.08231332,-0.14714198,-0.14713588,-0.14687405,-0.14413429
"Glycine, N-[4-[(trimethylsilyl)oxy]benzoyl]-",-0.217934724,,,,,0.055705525,,,-0.190439216,,,,
Glycolic acid,-0.6502774,-0.68957025,-0.62060248,-0.85318114,,-0.43926254,-0.59959781,-0.82945231,-0.63358908,1.19154822,0.93896719,1.5458829,0.48933617
Glycyl-l-glutamine,-0.26985427,-0.2045941,-0.27222735,-0.19454443,-0.26414534,-0.2668968,-0.26959413,-0.27626796,-0.27263433,1.81333579,2.08322615,0.91462369,-0.22703295
Glyoxime,-0.4717983,-0.3739451,,-0.6281147,,,,,,0.5351559,0.6408826,0.5099853,
Guanabenz,-0.4148735,-0.12279054,-0.45875405,-0.20035903,-0.09455815,-0.55507264,-0.26952346,-0.58307095,-0.640436,-0.68615024,-0.68609507,-0.68372803,1.98752946
"Guanidine, N,N-dimethyl-",-0.77603159,-0.81952508,-1.02935883,-1.11267255,-0.62521466,-0.86682759,-0.64500695,-1.4146827,-1.22078416,,,,1.4487674
"Gulonic acid, gamma-lactone",-0.291498552,-0.291499748,-0.291499374,0.966995246,-0.291496577,-0.291497529,-0.197567822,0.754175216,-0.291499515,-0.291498758,-0.291498727,-0.291497419,-0.291483733
Heptadecanoic acid,-0.7827629462,,,-1.0711557096,,,-0.6547962306,-0.9420017965,,,,,
Heptanoic acid,-0.9623918022,-0.3542779219,-1.2148759574,-1.2326507436,-0.5749753673,-0.0738925564,-1.2142557466,-1.1178973726,-1.1067363135,-1.2247962186,-0.8517838782,-0.8973413556,0.9418967414
Hexanedioic acid,-0.6378410541,-0.6266231488,-0.704614321,-0.8028943116,1.2877257679,-0.033624965,-0.6475916096,-0.6593494692,-0.6191537361,0.0008794792,0.1097638329,0.3523287112,0.1883852752
Hexanoic acid,-1.200787582,0.51780387,-0.882271057,-1.272809708,-0.487235721,-0.982955626,-1.029307484,-0.642507167,-1.132525825,-0.672099191,0.616810791,-0.42155405,1.815272141
Hexanoylglycine,-0.60018976,-0.57218883,-0.1586746,-0.42217964,-0.17270179,-0.55083939,0.06371702,0.04838946,-0.42504816,0.85075794,0.11719653,0.32926618,-0.05985358
Hippuric acid,-0.71912637,-0.84299652,-0.19975035,-0.98166064,-0.25892206,0.2763721,-0.45320676,-0.60402827,-0.84563645,0.13840184,0.33573845,0.33647257,0.88629129
Homocysteine thiolactone,-0.35388944,-0.294439,-0.31465713,-0.02924916,-0.32727209,-0.30655771,-0.29986055,-0.33336543,-0.1931489,6.84433465,5.14142342,3.07221456,-0.36207599
Hydantoic acid,-0.386933971,-0.386946118,-0.386942312,-0.386954775,-0.386913903,-0.386923575,-0.386933056,-0.386956516,0.133652381,2.966378967,-0.386935748,3.308637083,
Hydracrylic acid,-0.5850718,,,,,,,,-0.6076667,1.64287174,,1.50381363,
Hydroquinidine,-0.549813885,-0.060136389,-0.58787676,-0.38679079,-0.708887727,-0.586678001,-0.505187279,-0.23734599,-0.626658387,-0.713157609,-0.436733276,-0.443003519,-0.683744706
Hydroquinone,-0.277150026,-0.134291047,-0.27470734,-0.501760553,,-0.054592035,-0.224161886,-0.361303597,-0.302476234,,1.882231967,-0.58288403,
Indole-3-carboxaldehyde,-0.630126425,-0.63129814,-0.630931037,-0.632133192,-0.628190768,-0.629123672,-0.560110671,-0.454890399,0.147797758,4.05801628,2.056206691,,
Indole-3-lactic acid,-0.34679024,,,,,,-0.45398055,-0.35252883,-0.36711761,0.43671101,-0.50546016,-0.50545385,
Indole-5-carboxylic acid,-0.40852101,-0.68294187,-0.31615757,-0.51060367,0.03723856,,-0.63468707,-0.42665603,-0.09234868,1.95724844,,,-0.69079152
"Inosose-2, 1,3,4,5,6-pentakis-",-0.1489575,-0.2678034,-0.4296703,-0.2640381,-0.0441395,-0.1583744,-0.1213449,-0.2814928,-0.299986,0.3244363,0.4642389,0.8309447,
Isofucosterol,-0.6136238,-0.61417216,-0.15684291,-0.61456296,-0.32018753,-0.13062748,-0.61358252,-0.32847607,-0.39143723,-0.45106519,0.18308868,0.34180154,3.17836127
Isonicotinic Acid,-0.38272236,,-0.3963348,,-0.24515565,-0.26287113,,-0.51025096,-0.41332389,-0.78349246,-0.78612159,-0.78304965,-0.7855465
Isopropyl palmitate,-1.54353931,-1.544335796,-0.445185682,-0.378567627,1.948154003,-1.542857678,-1.543479354,-1.545017525,0.419345615,-0.862615315,,-0.569838819,
"Isoquinoline, 3,4-dihydro-6,7-dimethoxy-1-[4-hydroxybenzyl]-",-0.04599977,,-0.20743278,-0.33090669,0.43524368,,,,-0.1673293,2.25930745,1.65834687,3.74602487,-0.11548446
Isoxaben,-0.45227378,0.14204779,0.42254017,-0.4523058,-0.04458631,0.35448663,0.44879944,0.21306615,-0.16087078,1.88508453,1.29637497,2.90432885,-0.30759406
Itaconic acid,-0.195997472,-0.181921815,-0.149984543,,-0.055603437,0.01472255,-0.102185312,-0.240068371,-0.135737229,-0.137458248,0.412627282,-0.341543399,-0.336750185
Ketamine,-0.475908169,-0.601052291,-0.522884448,-0.422089024,0.241967072,-0.437909841,-0.267237745,-0.766575314,-0.548988691,0.957655122,1.054030932,,
L-(+)-Threose,0.03329181,-0.11793591,-0.08513449,-0.23143708,-0.22320121,-0.2314167,-0.23142289,-0.23143821,0.03456247,-0.23142485,2.15731092,-0.23141597,-0.23132518
L-5-Oxoproline,-0.36661213,-0.6833329,0.26546019,,-0.67639682,,,,-0.68282149,,2.33175878,,
L-Alanine,-0.990701263,,-0.890029095,-1.041078508,,-0.768381762,,,,-1.276325699,-0.89974824,-1.445821054,0.415373733
L-Asparagine,-0.50320647,-0.50321518,-0.50321245,-0.50322138,-0.41710214,-0.45170597,-0.50320582,-0.50322263,-0.50321347,1.82405423,2.61629823,1.73628905,0.85347142
L-Aspartic acid,-0.52708298,,,,-0.51693478,-0.5158018,,,,0.35114039,0.50856072,0.624372,2.16969719
L-Citrulline,-0.27304295,-0.2730671,-0.27305953,0.26169646,-0.27300306,-0.27302229,-0.27304113,-0.03192073,-0.27264234,0.5657192,0.50590037,2.66014352,-0.27274374
L-Cysteine,-1.004928748,,,-0.040406485,,,,-0.911309169,-1.005823931,-0.503182982,-1.256694398,-1.068862642,
L-Glutamic acid,-0.463085255,-0.373187855,-0.387778519,-0.289870772,-0.008282634,-0.367830969,-0.198866861,-0.331677519,-0.455318779,1.848707598,,4.054164439,-0.098743903
L-Glutamine,-1.18368126,-1.21291425,-1.12291005,-0.89151791,-1.13941397,-1.2105895,-1.20459608,-1.20572025,-0.61283134,-0.24686237,-0.77723349,-0.61639723,-0.80404595
l-Histidine ethyl ester,-0.59977551,-0.89221564,-0.77027166,0.35691016,-0.53175738,-0.83278465,-0.89152809,-0.73946103,-0.72146661,1.06552836,2.55839012,0.77652309,-0.88365306
L-Hydroxyproline,0.161522591,,0.529346956,-0.137518867,0.514024362,0.221400902,,0.127234021,-0.098521654,5.102087543,-0.214460705,-0.214396279,
L-Isoleucine,-0.190389466,-0.214502051,-0.319598138,-0.181359792,-0.149375496,-0.318542445,-0.057618564,-0.323629268,-0.28956429,0.746163227,,,
L-Leucine,-0.876626404,-0.760312326,-0.868184427,-0.494280822,-0.805461109,-0.788462181,-0.676101722,-0.766040565,-0.75443872,-1.122889947,,0.410912994,0.644089724
L-Lysine,-0.707216231,-1.023103401,-0.878855187,-1.031802646,-0.813745679,-0.70376841,-1.027766564,-0.844988822,0.319793564,,0.374564913,-0.183327105,1.0894807
"L-Lysine, ethyl ester ",-0.323487188,-0.30716684,-0.350116817,-0.028571893,-0.346992861,-0.331092048,-0.309035902,-0.25421387,-0.289576891,-0.376212503,-0.376185098,-0.375009161,1.194186316
L-Methionine,-0.298458464,-0.352818748,-0.384208793,0.002058277,-0.399159814,-0.39542681,-0.261509814,-0.379471758,-0.296459171,,,,-0.002264956
L-Norleucine,-0.448478178,-0.449827653,-0.449404857,-0.450789389,-0.446248866,-0.4473233,-0.448376596,-0.450982696,-0.449563781,2.737127481,3.369012386,1.21788038,-0.431756646
L-Ornithine,-0.35612091,,,,,,,,,2.0235749,0.66837614,0.09336869,
L-Proline,-0.42849799,-0.40859933,-0.43670275,-0.46919405,-0.26457165,-0.37889637,-0.25276877,-0.38459709,-0.36284449,1.83472344,1.84824356,1.87786103,
L-Threitol,1.83017242,1.28563627,-0.89951754,1.35492938,-0.56144237,3.22724415,-0.89920344,-0.89999951,1.61828027,-0.89930528,-0.89929477,-0.89884396,-0.89412667
L-Threonine,-0.1756394,-0.1644081,,-0.14581149,-0.20201848,-0.17679123,,,-0.21022353,,,,
L-Tryptophan,-0.88722105,-1.24871913,-1.13897871,0.38337719,-0.8578587,-1.21816017,-1.10475025,-0.91915608,-0.79346038,2.47172149,,-0.09925421,1.14504895
"L-Tryptophan, N-acetyl-1",-0.589600957,-1.175702111,-0.81878105,-0.719220848,-0.952938476,-1.164405533,-1.005716608,-0.51101967,-0.461754099,-0.076555483,-0.3594518,-0.329796784,2.800423987
L-Valine,-0.19972796,,-0.36630116,-0.24944362,-0.18411139,,-0.04957851,-0.24879164,-0.30278493,1.50742646,1.2218091,2.13570035,0.73549833
Lactic Acid,-0.33161185,-0.40217533,-0.18522026,-0.46858777,-0.18087353,-0.1077616,-0.31112173,-0.43222473,-0.50858646,-0.70313361,-0.77709863,-0.51920892,-0.65754321
Latanoprost lactone diol,-0.91427132,-0.60539244,-0.91557591,0.01962265,-0.91113285,-0.91264545,-0.91412831,-0.91779723,-0.91579965,0.07681168,-0.25463979,-0.29253507,-0.89073041
Leucylglycine,-0.17955278,-0.17979877,,-0.17997407,,,,,,8.64734491,-0.17958877,-0.17931975,
Levulinic acid,-1.022672259,,,,,,,,,-0.852885572,,,
Luteolin,-0.134675948,-0.069105494,-0.295126636,-0.3516988,-0.012740997,0.140094721,0.023059143,-0.351704785,-0.351660857,-0.347746558,-0.348596129,-0.351587671,-0.351109576
Malic acid,-0.466663528,-0.298739217,-0.26974181,,-0.734148529,-0.433642235,0.046828407,,,2.155980488,0.060529759,,
meso-Erythritol,-0.149151445,-0.163172812,-0.165348416,0.023797609,-0.09812711,-0.193086721,-0.19314785,-0.193299099,-0.19321675,-0.117037794,-0.193165203,-0.193079551,-0.192183289
Metanephrine,-0.01925492,-0.11279462,-0.01112797,-0.14087611,-0.0713329,,,,,-0.14209565,,,
"Methanone, [1-(4-chloropentyl)-1H-indol-3-yl](2,2,3,3-tetramethylcyclopropyl)-",0.08833323,-0.31418499,0.14104256,-0.31506914,-0.31089489,,-0.0509443,0.1083875,-0.09291862,,,,
"Methanone, [1-(5-chloropentyl)-1H-indol-3-yl](4-methyl-1-naphthalenyl)-",-0.15204272,,-0.15204484,,,-0.15204008,-0.15204249,-0.15204845,-0.1520452,-0.15204325,-0.15204317,,
"Methyl (3,4-dimethoxyphenyl)(hydroxy)acetate",-0.109288822,,,,,,,,,,,,
"Methyl 2,4-dihydroxybenzoate",-0.308653143,-0.475645348,-0.027479817,-0.459348805,-0.277835921,-0.053049717,-0.417158958,-0.538558578,-0.02711538,1.360749345,1.154344053,0.999817402,0.381087689
Methyl alpha-Lyxofuranoside,-1.124743964,-1.126706535,-1.126091653,-1.12810521,-1.121501825,-1.123064398,-1.12459623,,-1.12632278,0.368146352,0.545774726,-0.225181705,-1.100425463
Methyl aminoacetate,-0.22102553,,,,,,,,,1.77913638,1.36422183,0.69974167,
"Methyl galactoside (1R,2S,3S,4R,5R)-",-0.4615635,-0.50299616,-0.50607402,,-0.44916698,-0.50606634,-0.48485031,-0.39822794,-0.48307917,0.8993917,0.73265568,1.17926227,1.87915718
Methyl isovanillate,-0.2693691,-0.26715036,,,-0.10138721,,0.20034328,0.26910964,-0.27344871,-0.39543786,-0.45126007,-0.45070345,-0.44487889
Methyl leucinate,3.54295859,-0.22407304,-0.2238217,-0.22464476,1.29970509,-0.22258428,-0.22321043,-0.22475967,-0.22391617,6.81317743,,,
Methyl-3-methoxy-5-methyl benzoate,-0.23664955,,,,-0.21346183,,,,,-0.25994517,,-0.25994511,
Methylmalonic monoamide,-0.321619153,-0.2326938622,-0.2986804168,-0.1968027439,-0.2570454236,-0.2930269361,-0.2749135095,,-0.5149604315,,,,
Methylsuccinic acid,-0.2284679,-0.227832,-0.2000642,-0.1933413,-0.1034323,-0.1567402,-0.1476444,-0.1409024,,-0.3156902,1.1438182,-0.3156902,
Mirin,-0.10067821,-0.17961711,-0.10520255,-0.14143322,-0.01128921,-0.24775117,-0.06733995,-0.1573668,-0.11747895,,-0.25259232,,-0.25259222
Mitoxantrone,-0.232104694,-0.203094157,-0.278599951,0.749941126,-0.212161717,-0.276408521,-0.189738801,-0.222761334,-0.24093831,,,,
"Morpholine, 4-(2,6-dimethoxybenzoyl)-2,6-dimethyl-",-0.138693302,-0.147035198,,-0.253112429,0.007522996,,0.031332954,-0.181578601,-0.196430855,,-0.257540689,,
"Morpholine, 4-[2,3,4,6-tetrakis-O-(trimethylsilyl)-alpha-d-mannopyranosyl]-",-0.61701187,-0.63588912,-0.6299748,2.16257278,-0.58582694,-0.60085675,-0.61559088,-0.65204655,-0.63219793,,,,
Myristic acid,-0.85538654,,,-1.24447654,,,,,,,-0.69899369,,
"N-(Trifluoroacetyl)-N,O,O'-tris(trimethylsilyl)normetanephrine",-0.482796642,-0.482823502,-0.482815086,-0.482842643,-0.482752271,-0.482773656,-0.48279462,0.10165283,-0.48281825,3.022237313,5.110051315,-0.482771197,-0.482463826
N-(Trimethylsilyl)hexanamide,-0.3117847,,,,,,,-0.3343999,,-0.1490445,-0.2468896,,
N-Acetyl-D-galactosamine,-0.21017205,-0.3442541,0.09073419,-0.34967677,0.12130965,-0.05853746,-0.12762715,-0.06329539,-0.34276628,-0.33795224,-0.33775832,-0.32943695,
N-Acetyl-L-glutamic acid,-0.517167319,,-0.517914305,,-0.515370294,-0.516236384,-0.517085434,-0.519186184,,,,,
N-Acetyl-L-phenylalanine,-0.4045331,-0.4036611,,-0.3367806,,,,,,-0.485321,-0.4852,-0.4800093,
N-Acetyltyrosine,-0.477627309,-0.477639103,-0.477635408,0.577803048,-0.477607826,-0.477617216,-0.477626422,-0.477649198,,,,,-0.477481171
N-alpha-Acetyl-L-Lysine,-0.22542083,,,0.86834111,,,,,-0.34845502,5.18743157,2.06300808,0.40884197,
n-Butylamine,0.16280128,,,-0.5419844,,,,-1.00563781,,-1.09541064,-1.56610401,-0.90181632,
"N-isobutyl-2-(trimethylsilyloxy]-4,5-dihydro-1H-imidazole-1-carboxamide",-0.86903281,-0.87035372,-0.86993987,-0.8712951,-0.86685068,-0.86790237,-0.86893337,-0.40411093,-0.17349726,1.46254381,-0.08243105,0.15787973,-0.85266518
N-Isobutyl-sec-butylamine,-0.2861985,,,,,,,-0.394661,-0.3055416,0.8054295,-0.5472214,-0.6266428,
N-Isobutyrylglycine,-0.36377098,-0.37478927,0.18874145,-0.20585121,0.28248787,-0.24210173,-0.18013016,-0.40062495,-0.03686008,-0.40061443,-0.38996668,,
N-Isovaleroylglycine,-0.25944425,-0.279205447,-0.109650145,-0.38669308,-0.417149733,-0.268153584,-0.097370277,,-0.217161558,,0.027994524,,
N-Methyl-N-(tetrahydro-2-furanylmethyl)-4-piperidinamine,-0.77400289,-0.774013193,-0.774009965,-0.774020535,-0.77398587,-0.242678319,-0.774002114,-0.774022011,-0.774011178,-0.77400466,-0.774004397,-0.77399313,
n-Pentadecanol,-0.58719647,,,,,-0.587195716,,,,,,,-0.585573624
N-Valerylglycine,-0.450502106,-0.474300181,,,-0.139422136,,0.255987827,,,0.174587057,-0.506437267,,-0.490923148
"N,9-bis(Trimethylsilyl)-6-[(trimethylsilyl)oxy]-9H-purin-2-amine",-0.12207658,-0.11714178,0.07658157,-0.21758209,0.1750588,0.02458446,-0.01992051,-0.11763306,-0.14151585,0.51842395,,-0.21590539,
"N,N-Diethyl-2-aminoethanol",-0.3156337,-0.315657,-0.3156497,,-0.3155952,-0.3156137,-0.3156319,-0.3156769,-0.3156524,4.6729111,2.076229,,
"N,N-Dimethyl-2-cyclohexyloxyethylamine",-0.500400593,,,-0.698063851,,,,,,-0.96718842,-0.966963428,-0.957309042,
"N,N'-Bis(trimethylsilyl)trifluoroacetamidine",-0.2137129557,-0.2148242086,-0.2144760483,-0.2156161704,-0.2118771824,-0.2127619473,-0.2136293054,-0.2157753528,-0.2146069178,,,,
"N,O-Bis(trimethylsilyl)carbamate",-0.0869766236,,,,,,,,,-0.1874083091,,,
Naphthofluorescein,-0.3949779,-0.3949779,-0.3949779,-0.3949779,-0.3949779,-0.3949779,-0.3949779,-0.3949779,-0.3949779,-0.3949779,-0.3949779,-0.3949779,-0.3949778
Neostigmine,0.141843144,,,,,,,,,,,,
Niacin,-1.07554492,-0.479525664,,,-0.481250479,-0.558428865,-0.727789903,-0.838795987,,-0.014772976,0.292581141,-0.183038414,
Niacinamide,-1.091346555,-0.798058148,-0.53741004,-1.057145943,-0.230011068,-0.718857639,-0.523280463,-0.87096879,-1.018051757,0.347982721,1.059160035,0.587774444,0.231657436
Niclosamide,-0.292710459,-0.620148207,-0.556806394,-0.594303599,-0.852034551,-0.371465236,-0.531788495,-0.698824065,-0.736075273,-0.368051436,0.134451178,0.431722545,2.147120816
Nitrosothymol,-0.310361209,-0.311448629,0.11773802,-0.312223606,-0.1670368,-0.125050367,-0.310279353,-0.2507124,-0.156530353,-0.310548004,-0.31052029,-0.309331049,2.611863861
Nonadecanoic acid,-0.61777311,,-0.54966511,,-1.02803341,-0.3320548,,-0.68118175,-0.59249655,,,,1.02475852
Nonanal,-0.84646083,-1.00113082,-0.74523631,-1.10828092,,-0.55206142,-0.70559148,-0.85620166,-1.04920352,-0.94041815,-0.80814788,-1.31397252,-0.23978343
Nonanoic acid,-0.43795835,-0.37128189,-0.41019771,-0.41312075,-0.33257563,-0.1685061,-0.41013005,-0.43935909,-0.38711204,0.13472547,0.12644746,0.236616,1.99040116
Norketamine,-0.650347994,-0.718045507,-0.654887059,-1.220235481,-0.554929381,-0.524170179,-0.631313939,-0.880461846,-0.689547649,1.007154331,1.204591285,0.907879606,1.494907529
"O-Methyl-N,N'-diisopropylisourea ",-0.39675423,-0.39376506,0.13379374,-0.39757863,-0.39742734,-0.39746314,0.89731196,0.42614578,-0.38849193,5.40179017,-0.3975082,-0.02933234,-0.39694445
Oct-1-en-3-ol,-0.172776837,-0.203596506,-0.065735912,,,,-0.094444067,-0.183868377,-0.142569359,-0.095786073,,-0.070506703,
"Octadecanamide, N-(2-methylpropyl)-N-nitroso-",-0.19258862,-0.19259831,-0.1884234,-0.19260521,-0.19257262,-0.19258033,-0.19258789,-0.1926066,-0.19259641,-0.19259028,-0.19259004,-0.19257944,
Octan-2-yl palmitate,-0.772739874,,-0.730174799,,,,,,,,,,
"Octanamide, N-(2-hydroxyethyl)-",-0.26122527,0.39827506,-0.26235524,-0.26404352,-0.25850688,-0.25981703,-0.2611014,-0.13543909,-0.26254903,-0.26150793,,,-0.2408353
"Octane, 1-propoxy-",0.97721212,0.43802167,,,,,,-0.97294272,,,-0.97294271,,
Octanoic acid,-1.08770198,-0.90515963,-1.14078521,-1.40377463,-0.65414429,-0.26506087,,,-0.75055502,,,,
Octocrylene,-0.703422885,-0.147975621,-0.754137548,-0.492419643,-0.382345163,-0.753948943,-0.414483396,-0.754280512,-0.154531,-0.754074587,-0.754071471,-0.753937749,1.523136832
Octopamine,0.309229928,-0.002518882,,-0.068427649,-0.088549119,,0.159001755,,-0.47603037,,,,-0.473754961
Ornithine,-0.38316616,-0.34497707,-0.3823301,0.79723634,-0.37494467,,-0.36094069,-0.36481865,,,-0.07812319,1.69347782,
Oxalic acid,-1.49479,-0.97276439,-1.01384418,-1.09975446,-1.30295118,-1.4174417,-0.77683817,-1.32688107,-0.89782671,-0.99813367,-1.13956826,-1.12115914,
"Oxalic acid, allyl octyl ester",-0.19376587,-0.2788072,-0.18757395,-0.35097707,-0.6200067,-0.55701349,-0.07569993,-0.62092368,-0.1539292,-0.62048344,-0.61466236,-0.62019089,-0.52590844
p-Hydroxydiisopropylbenzene,-1.207274789,-0.748670199,-1.167909299,-1.011380524,,-0.177251892,-1.231716471,,-0.424020843,,-0.407790605,,1.739347157
p-Toluic acid,-0.287129914,-0.268467263,-0.398049229,-0.166034544,-0.012921409,-0.149853075,-0.104190049,-0.356202444,-0.315931572,1.548419186,1.506264572,1.331275741,0.48339063
Palmitelaidic acid,-0.52019773,-0.62662178,-0.5374013,-1.07433996,-0.59292409,-0.58504117,-0.42979246,-0.79221958,-0.60259316,0.29504582,-1.09774103,1.32908054,2.93330746
Palmitic Acid,-0.412822873,-0.412836434,-0.393251808,-0.395947323,-0.401944369,-0.379201577,-0.412821853,-0.297882703,-0.380760904,0.361624029,0.528792958,-0.07696904,3.248150781
Pantolactone,-0.9020203391,,-1.2045034401,-1.0757469232,-0.506947338,-0.5371623531,,-1.307407935,-1.1882519134,-0.9158211918,-0.7937134205,-0.7362608735,1.965657115
Pantothenic acid,0.06022096,-0.13922162,0.71626685,0.03301216,-0.21914007,0.79478362,-0.21494521,-0.22009895,0.58018482,-0.21963859,-0.21963163,-0.21933268,-0.21620452
Pentacosanoic acid,-0.2061943,-0.2061954,-0.2061951,-0.2061962,,-0.2061934,-0.2061943,,-0.2061952,,,,
Pentadecanoic acid,-0.865420631,,,,-0.622043078,,,,,,,,1.630987757
"Pentanedioic acid, 2-[(trimethylsilyl)oxy]-",-0.134857283,-0.121698493,-0.120850559,-0.09569166,-0.170116263,-0.129347577,-0.079439716,-0.071625163,-0.125962557,-0.170326417,-0.17032348,-0.170197459,-0.168878784
"Pentanedioic acid, 2,4-bis[(trimethylsilyl)oxy]",-0.15411561,-0.20980052,-0.1322844,-0.18715616,,-0.12462318,-0.13693523,-0.13668512,-0.1354483,,,,
"Pentanedioic acid, 3-methyl-3-[(trimethylsilyl)oxy]-",-0.3389627,,-0.017080324,1.388621221,,-0.594702495,0.048538751,0.708878768,-0.24727864,,,,
Pentanoic acid,-1.43501365,-1.04256332,-0.28398153,-1.45029822,0.40248921,,-1.43434186,-0.56655359,-1.44219299,-1.02580729,-1.01519625,,
"Pentenoic acid, 4-[(trimethylsilyl)oxy]-",-0.6171186,-0.750774,-0.1061619,,-0.3607471,-0.3486705,,-0.8147115,,-0.163559,-1.170772,-0.2869101,-1.1706977
Pentylone,-0.19819533,-0.2324577,-0.2262848,-0.05841541,-0.08177484,-0.12095333,-0.19551211,0.66113567,0.30561272,-0.23074529,,0.05685716,
Petroselinic acid,-0.16039444,,-0.09672082,-0.22743078,-0.2270679,-0.1576044,2.65143601,-0.22645422,-0.08639495,-0.2272646,-0.22726185,-0.2271439,
Phenanthridin-6-ol,0.32187118,,0.92203371,,,0.59094383,0.09434643,-0.16280745,-0.13711987,,,,-0.34251771
"Phenol, 3,5-bis(1,1-dimethylethyl)-",-0.38308492,,-0.35785659,-0.51177009,0.28362048,-0.1463062,-0.16554874,-0.68517093,-0.37180292,-0.67689532,,-0.02169054,
Phenol,-0.43845934,-0.97129035,-0.93241916,-1.38010405,-1.03090779,-0.28746108,-1.07534641,-1.30772931,-0.71866246,-1.26017881,-1.2434832,-1.15777431,0.13835589
Phenoxyacetic acid,-0.54413853,-0.521647686,-0.544423407,-0.53418301,-0.543453199,5.797984186,-0.534292545,-0.544908463,-0.53815252,-0.544209792,-0.544199219,-0.543745522,-0.538998034
phenoxyethanol,-1.291745437,-1.245962302,,-1.378681692,,2.506182469,5.138082646,,-1.319363764,,,,
Phenylalanine,-1.083832547,-1.099555998,-1.046650888,-0.396990267,-0.753761089,-1.42742002,-0.997993037,-1.091661997,-0.790444479,2.561037451,1.035040112,1.477050885,1.238901877
Phenylpropanolamine,-0.19132653,-0.48103309,0.28634919,-0.54893392,-0.06175085,,0.01998916,-0.45281192,-0.54893379,-0.54893369,-0.54893369,-0.54893353,0.69542141
Phlorizin,-1.041089858,-1.067201273,-1.059020455,,-0.997954187,-1.018743751,-1.039124304,-1.089550568,,,,,-0.717539616
Phloroglucinol,-0.6560117,,,,,,,,,-0.21586526,1.4521564,0.15571074,
Phosalone,-0.90418249,-0.90917549,-0.90761116,1.28578975,-0.89593413,-0.89990949,-0.90380664,-0.9134491,-0.90819917,-0.90504018,-0.90491292,-0.89945241,
Phthalazin-1-one,-0.0858715024,,,-0.1355474404,,,,,,,,,
Picolinic acid,-0.70936007,-0.66557458,-0.48706242,-0.83545727,-0.34240252,-0.3905452,-0.4985128,-0.69454452,-0.64337331,0.54834983,0.42376958,0.55256717,1.48367055
Pimelic acid,-0.44275765,-0.19197546,-0.38225026,-0.4888247,-0.14200993,-0.49903428,-0.32608266,-0.2975527,-0.51628692,0.4207884,1.00803804,0.14403475,0.54085364
Pipecolic acid,-0.23457271,-0.22791651,-0.23451202,0.09801903,-0.2708993,-0.2492826,-0.27903872,-0.26795352,-0.14503992,1.45168984,4.54170847,-0.25707567,-0.22047548
"Piperidine, 1-(1-methylpentyl)-",-0.13400383,-0.17083919,-0.14993321,-0.18505317,-0.05159192,-0.08570028,-0.12444909,-0.20805384,-0.16398254,-0.25332802,-0.30673161,-0.27370667,-0.28747781
"Pregn-16-en-20-one, 3,18-bis(acetyloxy)-14,15-epoxy-, (3beta,5alpha,14beta,15beta)-",0.08479189,-0.76924743,-0.37768079,-0.67302189,-0.76874157,-0.04393373,-0.76904232,-0.29676869,-0.14564967,-0.76908945,,0.27984576,
"Propanetriol, 2-methyl-",0.832784411,,-0.642932297,-0.817767453,,-0.344385085,,-0.608913741,-0.033911278,,0.31155247,1.163037318,
"Propanoic acid, 2-methyl-",-0.70505456,-0.95965669,-0.57989935,-1.26473301,-0.69092825,-0.63940737,-0.61106626,-0.70663087,-0.74565595,0.55373478,-0.0997686,0.85867431,-0.66430955
"Propanoic acid, 2-oxo-",-0.39424963,-0.37646439,-0.24026219,-0.4455873,-0.2129557,-0.37112718,-0.25668393,-0.33860935,-0.4915328,-0.57437581,-0.57421569,-0.56734506,2.70920723
"Propiophenone, 3',4'-dimethoxy-",0.0556286651,-0.129087114,-0.0526903108,-0.2054423357,-0.0329840529,0.0737315106,-0.220542714,-0.040551472,-0.036206155,,,,-0.3522952754
Propylamine,5.195217233,-0.504681312,-1.17535485,1.771511844,-0.439649084,0.206953265,-0.830647336,-1.269559048,-1.263797445,-0.499352925,-0.480313215,-0.135380023,
"Pyrazine, 3,6-dihydro-3,6-dimethyl-",-0.2594214,-0.2609911,-0.1782007,-0.2477357,-0.2390562,-0.2606213,-0.2579365,,,-0.3056792,-0.3056487,-0.3043412,-0.2906594
"Pyrazine, 3,6-dimethyl-2,5-bis(trimethylsilyloxy)-",-0.335658587,-0.259958961,-0.347779671,0.182037253,-0.362854626,-0.349237103,-0.351149145,-0.26854677,-0.307544477,,,,
"Pyrimidine, 5-methyl-2,4-bis[(trimethylsilyl)oxy]-",-0.711641062,-0.380836555,-0.317711511,-0.295978662,-0.026605222,-0.48173644,-0.276396581,-0.388981965,-0.513165734,,0.561850343,0.120835187,
Pyroglutamic acid,-0.194685667,-0.195504225,-0.192703201,0.004828215,-0.147934901,-0.204556008,-0.058878476,-0.149323379,-0.202206623,3.642669826,2.377069249,2.268303126,-0.088518712
Pyrrole-2-carboxylic acid,-0.910554591,-1.251308951,-0.084938992,-1.467914034,-0.33537549,-0.228608989,-0.314377711,-0.689331135,-1.024955446,0.043472881,-0.155253292,-0.142267789,1.949627426
"Pyrrolo[1,2-a]pyrazine-1,4-dione, hexahydro-3-(2-methylpropyl)",-0.27985769,-0.25955664,-0.30218844,0.13875433,-0.31873564,-0.30692096,-0.25433793,-0.28937772,-0.3162189,3.44922172,0.52740741,1.90907942,-0.32603271
"Pyrrolo[1,2-a]pyrazine-3-propanamide, 2,3,6,7,8,8a-hexahydro-1,4-dioxo-",-0.3407556,-0.3501828,-0.34722922,-0.23034515,-0.325182,-0.33268781,-0.34004596,-0.35825174,-0.34833943,-0.34237499,-0.34213472,-0.3318248,
Quazodine,-0.268618338,,,-0.208426722,,,,,,,,,
"Quinolin-4-one, 1-[2-(3,4-dimethoxyphenyl)ethyl]-octahydro-",-0.39488568,-0.44345251,0.24583034,-0.61443335,,-0.07010874,-0.15596531,-0.22979942,-0.41174219,,,,
"Quinoline, 2,4-dimethyl-",-0.050640949,-0.091310421,-0.044045232,,0.10417533,0.003330964,0.008202385,-0.126919572,-0.063366725,,4.612277461,2.286775762,-0.299445185
Ribitol,-0.17962803,-0.39130631,-0.56005769,0.02483609,0.50472238,-0.55993209,0.35637751,-0.56015289,-0.56006728,0.51598589,0.01345614,0.6415071,
"Ribonic acid, 2,3,4,5-tetrakis-",-0.3815626228,-0.7782325694,,-0.7665202487,-0.6887450086,,-0.7334582196,,,-0.5442071172,0.051010612,0.22816987,-0.7788546997
S-Methyl-L-cysteine,-0.85417778,-0.8561204,-0.85551177,-0.85750486,-0.85096859,0.54666362,-0.85403154,5.77730987,2.00785617,-0.85451148,-0.85446197,-0.85233744,-0.83010642
Salsoline,-0.727554793,,,,,-0.712924823,,-0.381906326,-0.787179293,,,,
Sedoheptulose anhydride,-0.20775274,-0.24564943,-0.10768055,,,-0.05417785,-0.06529405,-0.20105066,-0.25395113,-0.33591505,-0.33590461,-0.33545688,-0.33077174
Ser-Leu,-0.946235495,-0.484729644,-1.337566647,-0.27064721,-1.338560191,-1.338628761,-1.268960649,-1.010881972,-1.048104425,,,,
Serine,-0.33764762,-0.3042384,-0.32553884,-0.21513898,,,-0.27384013,-0.30262562,-0.24104856,4.56837789,-0.51501401,-0.51476326,0.96738597
Sertraline carbamoyl glucuronide,-0.34893998,-0.512103231,-0.351502423,-0.512103231,0.141341833,-0.219912045,-0.291337423,-0.512103231,-0.245316825,-0.04502176,,,4.363486665
Sinomenin,-0.36309593,,-0.3630961,,0.1642453,0.60631584,-0.36309591,,-0.36309612,-0.36309597,,-0.36309571,-0.36309298
"Spiro[cyclopenta[d]-1,3,2-dioxaborin-4(5H),1'-cyclopentane], 2-ethyl-6,7-dihydro-",-0.404441549,-0.647795624,,,-0.646239895,-0.554191272,,,,,,,
Spironolactone,-0.26599241,,-0.26719464,0.30123112,-0.26310019,-0.26449412,,-0.26924166,-0.26740082,,-0.26624853,,
Stearic acid,-0.45125578,,,-0.45125781,,,,,,,,,
"Stigmast-5-ene, 3beta-",-0.51097989,,,,,,,,,-0.38384699,0.08306213,0.16454731,2.00507426
Suberic acid,-0.48546439,,-0.20031155,-0.34154523,-0.09473149,-0.42017112,-0.38575741,-0.21548398,-0.2492142,-0.02566457,0.70613034,-0.48460671,0.15130343
Succinic anhydride,-0.34567665,-0.32135748,-0.5398422,-0.39174901,-0.66861921,-0.51516987,-0.48657847,-0.52565689,-0.44532887,-0.26116816,-0.36645978,,-0.66028219
Supraene,-0.514744577,-0.516030022,-0.515627286,-0.516946125,,-0.513644496,-0.514647814,-0.51713026,-0.51577867,-0.417033957,-0.379781272,-0.51352682,
Syringaldehyde,-0.762772475,,,,,,,,,0.716979723,0.488516119,,2.419071709
"Tacrine, N-trimethylsilyl-",-0.3673417184,-0.3347164995,-0.3867969165,0.3630101051,-0.3788517092,-0.3889207884,-0.3622185038,-0.2694945399,-0.332027768,4.5907367735,3.0268268308,1.5963564113,-0.4165385931
"Talonic acid, gamma-lactone",0.16835237,-0.26716351,-0.25421332,-0.23957982,-0.01382385,-0.01668432,-0.13493325,-0.32524299,-0.17408476,3.2870434,-0.41239935,-0.41227794,
Tartronic acid,-0.4316363,-0.5352716,-0.3712283,-0.1014916,-0.2822714,-0.4395801,-0.1695502,-0.1708915,-0.2672017,-0.6523746,,,-0.6661908
Tetradecanenitrile,-0.41325042,-0.33280927,-0.49008529,0.0479069,-0.488709,-0.48917755,-0.43848466,-0.34674184,-0.42967291,-0.48978227,0.26903746,0.35105589,-0.48238912
"Thiazolo[4,5-f]quinoline, 2,9-dimethyl-",-0.8956287,-0.897469,,0.3104735,,,-0.8954902,0.2576785,-0.8971091,,-0.8958979,-0.8938854,
Thymidine,-0.185312279,,-0.016543665,-0.064735976,,0.059532588,,-0.120933869,,,,,
"Thymine, 1,3-dimethyl-6-(trimethylsilyloxymethyl)-",-0.06616138,-0.16585428,-0.34230542,0.36345907,-0.34213247,-0.34219135,-0.34224907,-0.34239189,-0.34231413,3.93519081,1.18075279,2.45484141,
Tributyl acetylcitrate,-0.62769373,-0.254186253,,-0.634701444,,,,,,-0.848223995,-0.020098516,6.186293853,
Tricine,-0.13702819,-0.19538534,-0.13428011,-0.22445192,-0.07073277,-0.12016413,-0.14530429,-0.17597911,-0.1566902,,-0.22560624,-0.22560413,
Triethanolamine,-0.5483158,-0.1389239,-0.4083903,-0.5352206,-0.1858445,-0.3716573,-0.3888017,-0.4321071,-0.2819824,,,,
"Trimethylsilyl (5-benzyl-3,6-dioxopiperazin-2-yl)acetate",-0.34530755,-0.39562046,-0.3954634,0.20768473,-0.39429102,-0.3846416,-0.39508142,-0.39604954,-0.18161681,0.62575007,0.01555426,-0.23884919,-0.38890747
Trimethylsilyl 3-((trimethylsilyl)thio)propanoate,-0.306327498,,,-0.659936225,,-0.536193294,,,-0.376681829,0.6471963,0.604013076,0.610916489,
Trimethylsilyl oct-2-enoate,-0.92076563,-0.92191788,-0.71450562,-0.92273906,-0.65314637,-0.61906848,-0.71557504,,-0.75601671,-0.7640259,-0.9209342,-0.89596768,-0.906488
Trimidox,-0.401226391,,-0.13369698,,-0.177518694,-0.197790389,-0.203014443,-0.104849954,-0.414271351,-0.650797555,,-0.64436922,
Tris(trimethylsilyl)carbamate,-1.03770256,-1.11737188,-0.86857639,-1.31511803,-0.67231107,-0.59017603,-0.72806637,-1.21949126,-0.95184337,,,,
Trisaminol,-1.081536503,-1.380674152,0.019208395,-0.741491584,-1.009475425,-1.082908884,-0.715908905,-0.975705979,-1.138775933,-1.020814865,-0.247301824,-0.088855473,-0.177725607
L-Tyrosine,-1.33715018,,-1.337712677,-1.338553093,-1.33579698,-1.336449165,-1.337088519,-1.338670431,-1.337809145,-0.90700455,-0.675296079,-0.563836491,0.926240349
Undecanedioic acid,-0.111653329,,,,,,,,,-0.249656212,-0.249651879,-0.249465939,-0.247520269
Uracil,-0.737032708,,,,0.502838062,-0.611563925,0.280242395,,,,,,
Urea,-1.01975687,-0.771968683,-0.990327051,-0.95805892,-0.953572216,-0.97758986,-0.926243416,-0.984502191,-0.997815974,-0.824974076,-0.857807474,-0.663242695,-0.959509928
Uridine,-0.49869318,-0.32383352,-0.59997477,-0.02404263,-0.4565937,-0.56372577,-0.49815623,-0.49934069,-0.52152508,-0.09755291,0.3623318,1.57238211,-0.22741097
Valylglycine,-0.69347746,-0.44633284,-0.8430788,0.03377525,-0.92395814,-0.92398276,-0.7719777,-0.77233753,-0.84473729,-0.92303894,-0.92160578,-0.91661613,-0.923626
Vanillylmandelic acid,-0.56977753,-0.29652248,-0.41254335,-0.57434071,,,6.32034236,-0.35221705,-0.57192091,-0.57023521,-0.5701673,-0.56725347,
Xylazine,-0.561104528,-0.994370706,-0.537644226,,,,-0.462336733,-0.127266396,,,,,3.283300529
Xylitol,-0.70492024,-0.47391078,-0.11073764,-0.67689024,-0.69234824,-0.70448783,-0.28597775,-0.27468239,-0.31424526,-0.70500704,-0.70499416,-0.70444157,-0.69865935
"Xylonic acid, 2,3,4-tris-O-(trimethylsilyl)-, delta-lactone",-0.23267866,-0.25445053,0.11896141,-0.38346873,-0.1750774,,-0.0411001,-0.06156937,-0.24676795,,,,
Xylose,-0.49329061,-0.49491036,-0.49440289,-0.49606472,-0.45298843,-0.49190443,-0.49316868,-0.49629674,-0.49459364,0.72265352,-0.49352757,-0.49175615,1.73158315
